ID,Latitude,Longitude,Date,ARD_Tile,CU_LC08_001_Line_Y_30m,CU_LC08_001_Sample_X_30m,CU_LC08_001_SRB1,CU_LC08_001_SRB2,CU_LC08_001_SRB3,CU_LC08_001_SRB4,CU_LC08_001_SRB5,CU_LC08_001_SRB6,CU_LC08_001_SRB7,CU_LC08_001_PIXELQA,CU_LC08_001_PIXELQA_bitmask,CU_LC08_001_PIXELQA_Fill,CU_LC08_001_PIXELQA_Fill_Description,CU_LC08_001_PIXELQA_Clear,CU_LC08_001_PIXELQA_Clear_Description,CU_LC08_001_PIXELQA_Water,CU_LC08_001_PIXELQA_Water_Description,CU_LC08_001_PIXELQA_Cloud_Shadow,CU_LC08_001_PIXELQA_Cloud_Shadow_Description,CU_LC08_001_PIXELQA_Snow,CU_LC08_001_PIXELQA_Snow_Description,CU_LC08_001_PIXELQA_Cloud,CU_LC08_001_PIXELQA_Cloud_Description,CU_LC08_001_PIXELQA_Cloud_Confidence,CU_LC08_001_PIXELQA_Cloud_Confidence_Description,CU_LC08_001_PIXELQA_Cirrus_Confidence,CU_LC08_001_PIXELQA_Cirrus_Confidence_Description,CU_LC08_001_PIXELQA_Terrain_Occlusion,CU_LC08_001_PIXELQA_Terrain_Occlusion_Description,CU_LC08_001_PIXELQA_Unused,CU_LC08_001_PIXELQA_Unused_Description
WBAN23110,36.33333,-119.95,2019-05-21,h003v010,2390.0,259.0,0.5875,0.6037,0.6115,0.6338,0.6841,0.5215,0.3966,480.0,0b00000000000000000000000111100000,0b0,No,0b0,No,0b0,No,0b0,No,0b0,No,0b1,Yes,0b11,High,0b01,Low from OLI Band 9 reflectance,0b0,No,0b00000,
WBAN23110,36.33333,-119.95,2019-05-28,h003v010,2390.0,259.0,0.1846,0.1994,0.229,0.2484,0.2859,0.3089,0.275,480.0,0b00000000000000000000000111100000,0b0,No,0b0,No,0b0,No,0b0,No,0b0,No,0b1,Yes,0b11,High,0b01,Low from OLI Band 9 reflectance,0b0,No,0b00000,
WBAN23110,36.33333,-119.95,2019-05-30,h003v010,2390.0,259.0,-9999.0,-9999.0,-9999.0,-9999.0,-9999.0,-9999.0,-9999.0,1.0,0b00000000000000000000000000000001,0b1,Yes,0b0,No,0b0,No,0b0,No,0b0,No,0b0,No,0b00,None,0b00,Not set,0b0,No,0b00000,
WBAN23110,36.33333,-119.95,2019-06-06,h003v010,2390.0,259.0,0.1601,0.1856,0.2303,0.2495,0.2536,0.2844,0.3334,322.0,0b00000000000000000000000101000010,0b0,No,0b1,Yes,0b0,No,0b0,No,0b0,No,0b0,No,0b01,Low,0b01,Low from OLI Band 9 reflectance,0b0,No,0b00000,
WBAN23110,36.33333,-119.95,2019-06-13,h003v010,2390.0,259.0,0.0926,0.1389,0.2086,0.2308,0.2423,0.2691,0.3072,322.0,0b00000000000000000000000101000010,0b0,No,0b1,Yes,0b0,No,0b0,No,0b0,No,0b0,No,0b01,Low,0b01,Low from OLI Band 9 reflectance,0b0,No,0b00000,
WBAN23110,36.33333,-119.95,2019-06-15,h003v010,2390.0,259.0,-9999.0,-9999.0,-9999.0,-9999.0,-9999.0,-9999.0,-9999.0,1.0,0b00000000000000000000000000000001,0b1,Yes,0b0,No,0b0,No,0b0,No,0b0,No,0b0,No,0b00,None,0b00,Not set,0b0,No,0b00000,
WBAN23110,36.33333,-119.95,2019-06-22,h003v010,2390.0,259.0,0.1667,0.1898,0.2315,0.2486,0.251,0.2769,0.3244,322.0,0b00000000000000000000000101000010,0b0,No,0b1,Yes,0b0,No,0b0,No,0b0,No,0b0,No,0b01,Low,0b01,Low from OLI Band 9 reflectance,0b0,No,0b00000,
WBAN23110,36.33333,-119.95,2019-06-29,h003v010,2390.0,259.0,0.159,0.1812,0.2243,0.2416,0.2435,0.2723,0.3194,322.0,0b00000000000000000000000101000010,0b0,No,0b1,Yes,0b0,No,0b0,No,0b0,No,0b0,No,0b01,Low,0b01,Low from OLI Band 9 reflectance,0b0,No,0b00000,
WBAN23110,36.33333,-119.95,2019-07-01,h003v010,2390.0,259.0,-9999.0,-9999.0,-9999.0,-9999.0,-9999.0,-9999.0,-9999.0,1.0,0b00000000000000000000000000000001,0b1,Yes,0b0,No,0b0,No,0b0,No,0b0,No,0b0,No,0b00,None,0b00,Not set,0b0,No,0b00000,
WBAN23110,36.33333,-119.95,2019-07-08,h003v010,2390.0,259.0,0.1032,0.1512,0.2244,0.247,0.2542,0.2855,0.3363,322.0,0b00000000000000000000000101000010,0b0,No,0b1,Yes,0b0,No,0b0,No,0b0,No,0b0,No,0b01,Low,0b01,Low from OLI Band 9 reflectance,0b0,No,0b00000,
WBAN23110,36.33333,-119.95,2019-07-15,h003v010,2390.0,259.0,0.1544,0.1784,0.226,0.2449,0.2481,0.2782,0.3277,322.0,0b00000000000000000000000101000010,0b0,No,0b1,Yes,0b0,No,0b0,No,0b0,No,0b0,No,0b01,Low,0b01,Low from OLI Band 9 reflectance,0b0,No,0b00000,
WBAN23110,36.33333,-119.95,2019-07-17,h003v010,2390.0,259.0,-9999.0,-9999.0,-9999.0,-9999.0,-9999.0,-9999.0,-9999.0,1.0,0b00000000000000000000000000000001,0b1,Yes,0b0,No,0b0,No,0b0,No,0b0,No,0b0,No,0b00,None,0b00,Not set,0b0,No,0b00000,
WBAN23110,36.33333,-119.95,2019-07-24,h003v010,2390.0,259.0,0.0959,0.147,0.2195,0.2408,0.2517,0.2792,0.3163,322.0,0b00000000000000000000000101000010,0b0,No,0b1,Yes,0b0,No,0b0,No,0b0,No,0b0,No,0b01,Low,0b01,Low from OLI Band 9 reflectance,0b0,No,0b00000,
WBAN23110,36.33333,-119.95,2019-07-31,h003v010,2390.0,259.0,0.089,0.1389,0.2133,0.2382,0.2464,0.2776,0.3217,322.0,0b00000000000000000000000101000010,0b0,No,0b1,Yes,0b0,No,0b0,No,0b0,No,0b0,No,0b01,Low,0b01,Low from OLI Band 9 reflectance,0b0,No,0b00000,
WBAN23110,36.33333,-119.95,2019-08-02,h003v010,2390.0,259.0,-9999.0,-9999.0,-9999.0,-9999.0,-9999.0,-9999.0,-9999.0,1.0,0b00000000000000000000000000000001,0b1,Yes,0b0,No,0b0,No,0b0,No,0b0,No,0b0,No,0b00,None,0b00,Not set,0b0,No,0b00000,
WBAN23110,36.33333,-119.95,2019-08-09,h003v010,2390.0,259.0,0.0913,0.1428,0.215,0.2393,0.2522,0.2802,0.3231,322.0,0b00000000000000000000000101000010,0b0,No,0b1,Yes,0b0,No,0b0,No,0b0,No,0b0,No,0b01,Low,0b01,Low from OLI Band 9 reflectance,0b0,No,0b00000,
WBAN23110,36.33333,-119.95,2019-08-16,h003v010,2390.0,259.0,0.1228,0.1581,0.2166,0.2386,0.2456,0.2754,0.3159,322.0,0b00000000000000000000000101000010,0b0,No,0b1,Yes,0b0,No,0b0,No,0b0,No,0b0,No,0b01,Low,0b01,Low from OLI Band 9 reflectance,0b0,No,0b00000,
WBAN23110,36.33333,-119.95,2019-08-18,h003v010,2390.0,259.0,-9999.0,-9999.0,-9999.0,-9999.0,-9999.0,-9999.0,-9999.0,1.0,0b00000000000000000000000000000001,0b1,Yes,0b0,No,0b0,No,0b0,No,0b0,No,0b0,No,0b00,None,0b00,Not set,0b0,No,0b00000,
WBAN23110,36.33333,-119.95,2019-08-25,h003v010,2390.0,259.0,0.0928,0.1416,0.2144,0.2366,0.2494,0.2759,0.309,322.0,0b00000000000000000000000101000010,0b0,No,0b1,Yes,0b0,No,0b0,No,0b0,No,0b0,No,0b01,Low,0b01,Low from OLI Band 9 reflectance,0b0,No,0b00000,
WBAN23110,36.33333,-119.95,2019-09-01,h003v010,2390.0,259.0,0.0947,0.1406,0.2124,0.2368,0.2475,0.2763,0.3126,322.0,0b00000000000000000000000101000010,0b0,No,0b1,Yes,0b0,No,0b0,No,0b0,No,0b0,No,0b01,Low,0b01,Low from OLI Band 9 reflectance,0b0,No,0b00000,
WBAN23110,36.33333,-119.95,2019-09-03,h003v010,2390.0,259.0,-9999.0,-9999.0,-9999.0,-9999.0,-9999.0,-9999.0,-9999.0,1.0,0b00000000000000000000000000000001,0b1,Yes,0b0,No,0b0,No,0b0,No,0b0,No,0b0,No,0b00,None,0b00,Not set,0b0,No,0b00000,
WBAN23110,36.33333,-119.95,2019-09-10,h003v010,2390.0,259.0,0.0906,0.142,0.2182,0.2436,0.2555,0.2858,0.3355,322.0,0b00000000000000000000000101000010,0b0,No,0b1,Yes,0b0,No,0b0,No,0b0,No,0b0,No,0b01,Low,0b01,Low from OLI Band 9 reflectance,0b0,No,0b00000,
WBAN23110,36.33333,-119.95,2019-09-17,h003v010,2390.0,259.0,0.1546,0.1771,0.222,0.2426,0.2496,0.2816,-0.0964,322.0,0b00000000000000000000000101000010,0b0,No,0b1,Yes,0b0,No,0b0,No,0b0,No,0b0,No,0b01,Low,0b01,Low from OLI Band 9 reflectance,0b0,No,0b00000,
WBAN23110,36.33333,-119.95,2019-09-19,h003v010,2390.0,259.0,-9999.0,-9999.0,-9999.0,-9999.0,-9999.0,-9999.0,-9999.0,1.0,0b00000000000000000000000000000001,0b1,Yes,0b0,No,0b0,No,0b0,No,0b0,No,0b0,No,0b00,None,0b00,Not set,0b0,No,0b00000,
WBAN23110,36.33333,-119.95,2019-09-26,h003v010,2390.0,259.0,0.084,0.1347,0.2108,0.2339,0.2476,0.2714,0.299,322.0,0b00000000000000000000000101000010,0b0,No,0b1,Yes,0b0,No,0b0,No,0b0,No,0b0,No,0b01,Low,0b01,Low from OLI Band 9 reflectance,0b0,No,0b00000,
WBAN23149,36.02944,-119.0625,2019-05-21,h003v010,4136.0,2538.0,0.6409,0.6431,0.6705,0.6869,0.7417,0.5385,0.3975,480.0,0b00000000000000000000000111100000,0b0,No,0b0,No,0b0,No,0b0,No,0b0,No,0b1,Yes,0b11,High,0b01,Low from OLI Band 9 reflectance,0b0,No,0b00000,
WBAN23149,36.02944,-119.0625,2019-05-28,h003v010,4136.0,2538.0,-9999.0,-9999.0,-9999.0,-9999.0,-9999.0,-9999.0,-9999.0,1.0,0b00000000000000000000000000000001,0b1,Yes,0b0,No,0b0,No,0b0,No,0b0,No,0b0,No,0b00,None,0b00,Not set,0b0,No,0b00000,
WBAN23149,36.02944,-119.0625,2019-05-30,h003v010,4136.0,2538.0,-9999.0,-9999.0,-9999.0,-9999.0,-9999.0,-9999.0,-9999.0,1.0,0b00000000000000000000000000000001,0b1,Yes,0b0,No,0b0,No,0b0,No,0b0,No,0b0,No,0b00,None,0b00,Not set,0b0,No,0b00000,
WBAN23149,36.02944,-119.0625,2019-06-06,h003v010,4136.0,2538.0,0.0632,0.0737,0.0937,0.1025,0.159,0.2031,0.1796,322.0,0b00000000000000000000000101000010,0b0,No,0b1,Yes,0b0,No,0b0,No,0b0,No,0b0,No,0b01,Low,0b01,Low from OLI Band 9 reflectance,0b0,No,0b00000,
WBAN23149,36.02944,-119.0625,2019-06-13,h003v010,4136.0,2538.0,-9999.0,-9999.0,-9999.0,-9999.0,-9999.0,-9999.0,-9999.0,1.0,0b00000000000000000000000000000001,0b1,Yes,0b0,No,0b0,No,0b0,No,0b0,No,0b0,No,0b00,None,0b00,Not set,0b0,No,0b00000,
WBAN23149,36.02944,-119.0625,2019-06-15,h003v010,4136.0,2538.0,-9999.0,-9999.0,-9999.0,-9999.0,-9999.0,-9999.0,-9999.0,1.0,0b00000000000000000000000000000001,0b1,Yes,0b0,No,0b0,No,0b0,No,0b0,No,0b0,No,0b00,None,0b00,Not set,0b0,No,0b00000,
WBAN23149,36.02944,-119.0625,2019-06-22,h003v010,4136.0,2538.0,0.0569,0.0672,0.0837,0.0888,0.1292,0.1963,0.1735,322.0,0b00000000000000000000000101000010,0b0,No,0b1,Yes,0b0,No,0b0,No,0b0,No,0b0,No,0b01,Low,0b01,Low from OLI Band 9 reflectance,0b0,No,0b00000,
WBAN23149,36.02944,-119.0625,2019-06-29,h003v010,4136.0,2538.0,-9999.0,-9999.0,-9999.0,-9999.0,-9999.0,-9999.0,-9999.0,1.0,0b00000000000000000000000000000001,0b1,Yes,0b0,No,0b0,No,0b0,No,0b0,No,0b0,No,0b00,None,0b00,Not set,0b0,No,0b00000,
WBAN23149,36.02944,-119.0625,2019-07-01,h003v010,4136.0,2538.0,-9999.0,-9999.0,-9999.0,-9999.0,-9999.0,-9999.0,-9999.0,1.0,0b00000000000000000000000000000001,0b1,Yes,0b0,No,0b0,No,0b0,No,0b0,No,0b0,No,0b00,None,0b00,Not set,0b0,No,0b00000,
WBAN23149,36.02944,-119.0625,2019-07-08,h003v010,4136.0,2538.0,0.0495,0.0622,0.0839,0.0941,0.1293,0.2079,0.1823,322.0,0b00000000000000000000000101000010,0b0,No,0b1,Yes,0b0,No,0b0,No,0b0,No,0b0,No,0b01,Low,0b01,Low from OLI Band 9 reflectance,0b0,No,0b00000,
WBAN23149,36.02944,-119.0625,2019-07-15,h003v010,4136.0,2538.0,-9999.0,-9999.0,-9999.0,-9999.0,-9999.0,-9999.0,-9999.0,1.0,0b00000000000000000000000000000001,0b1,Yes,0b0,No,0b0,No,0b0,No,0b0,No,0b0,No,0b00,None,0b00,Not set,0b0,No,0b00000,
WBAN23149,36.02944,-119.0625,2019-07-17,h003v010,4136.0,2538.0,-9999.0,-9999.0,-9999.0,-9999.0,-9999.0,-9999.0,-9999.0,1.0,0b00000000000000000000000000000001,0b1,Yes,0b0,No,0b0,No,0b0,No,0b0,No,0b0,No,0b00,None,0b00,Not set,0b0,No,0b00000,
WBAN23149,36.02944,-119.0625,2019-07-24,h003v010,4136.0,2538.0,0.0535,0.066,0.0851,0.1001,0.1466,0.2082,0.1742,322.0,0b00000000000000000000000101000010,0b0,No,0b1,Yes,0b0,No,0b0,No,0b0,No,0b0,No,0b01,Low,0b01,Low from OLI Band 9 reflectance,0b0,No,0b00000,
WBAN23149,36.02944,-119.0625,2019-07-31,h003v010,4136.0,2538.0,-9999.0,-9999.0,-9999.0,-9999.0,-9999.0,-9999.0,-9999.0,1.0,0b00000000000000000000000000000001,0b1,Yes,0b0,No,0b0,No,0b0,No,0b0,No,0b0,No,0b00,None,0b00,Not set,0b0,No,0b00000,
WBAN23149,36.02944,-119.0625,2019-08-02,h003v010,4136.0,2538.0,-9999.0,-9999.0,-9999.0,-9999.0,-9999.0,-9999.0,-9999.0,1.0,0b00000000000000000000000000000001,0b1,Yes,0b0,No,0b0,No,0b0,No,0b0,No,0b0,No,0b00,None,0b00,Not set,0b0,No,0b00000,
WBAN23149,36.02944,-119.0625,2019-08-09,h003v010,4136.0,2538.0,0.0542,0.0662,0.0839,0.0949,0.1325,0.2123,0.1784,322.0,0b00000000000000000000000101000010,0b0,No,0b1,Yes,0b0,No,0b0,No,0b0,No,0b0,No,0b01,Low,0b01,Low from OLI Band 9 reflectance,0b0,No,0b00000,
WBAN23149,36.02944,-119.0625,2019-08-16,h003v010,4136.0,2538.0,-9999.0,-9999.0,-9999.0,-9999.0,-9999.0,-9999.0,-9999.0,1.0,0b00000000000000000000000000000001,0b1,Yes,0b0,No,0b0,No,0b0,No,0b0,No,0b0,No,0b00,None,0b00,Not set,0b0,No,0b00000,
WBAN23149,36.02944,-119.0625,2019-08-18,h003v010,4136.0,2538.0,-9999.0,-9999.0,-9999.0,-9999.0,-9999.0,-9999.0,-9999.0,1.0,0b00000000000000000000000000000001,0b1,Yes,0b0,No,0b0,No,0b0,No,0b0,No,0b0,No,0b00,None,0b00,Not set,0b0,No,0b00000,
WBAN23149,36.02944,-119.0625,2019-08-25,h003v010,4136.0,2538.0,0.0489,0.0633,0.0822,0.0928,0.1313,0.2108,0.1703,322.0,0b00000000000000000000000101000010,0b0,No,0b1,Yes,0b0,No,0b0,No,0b0,No,0b0,No,0b01,Low,0b01,Low from OLI Band 9 reflectance,0b0,No,0b00000,
WBAN23149,36.02944,-119.0625,2019-09-01,h003v010,4136.0,2538.0,-9999.0,-9999.0,-9999.0,-9999.0,-9999.0,-9999.0,-9999.0,1.0,0b00000000000000000000000000000001,0b1,Yes,0b0,No,0b0,No,0b0,No,0b0,No,0b0,No,0b00,None,0b00,Not set,0b0,No,0b00000,
WBAN23149,36.02944,-119.0625,2019-09-03,h003v010,4136.0,2538.0,-9999.0,-9999.0,-9999.0,-9999.0,-9999.0,-9999.0,-9999.0,1.0,0b00000000000000000000000000000001,0b1,Yes,0b0,No,0b0,No,0b0,No,0b0,No,0b0,No,0b00,None,0b00,Not set,0b0,No,0b00000,
WBAN23149,36.02944,-119.0625,2019-09-10,h003v010,4136.0,2538.0,0.0492,0.0619,0.0851,0.1038,0.1521,0.2003,0.1745,322.0,0b00000000000000000000000101000010,0b0,No,0b1,Yes,0b0,No,0b0,No,0b0,No,0b0,No,0b01,Low,0b01,Low from OLI Band 9 reflectance,0b0,No,0b00000,
WBAN23149,36.02944,-119.0625,2019-09-17,h003v010,4136.0,2538.0,-9999.0,-9999.0,-9999.0,-9999.0,-9999.0,-9999.0,-9999.0,1.0,0b00000000000000000000000000000001,0b1,Yes,0b0,No,0b0,No,0b0,No,0b0,No,0b0,No,0b00,None,0b00,Not set,0b0,No,0b00000,
WBAN23149,36.02944,-119.0625,2019-09-19,h003v010,4136.0,2538.0,-9999.0,-9999.0,-9999.0,-9999.0,-9999.0,-9999.0,-9999.0,1.0,0b00000000000000000000000000000001,0b1,Yes,0b0,No,0b0,No,0b0,No,0b0,No,0b0,No,0b00,None,0b00,Not set,0b0,No,0b00000,
WBAN23149,36.02944,-119.0625,2019-09-26,h003v010,4136.0,2538.0,0.0764,0.0953,0.1271,0.1473,0.2149,0.2655,0.2074,416.0,0b00000000000000000000000110100000,0b0,No,0b0,No,0b0,No,0b0,No,0b0,No,0b1,Yes,0b10,Medium,0b01,Low from OLI Band 9 reflectance,0b0,No,0b00000,
WBAN23155,35.4344,-119.0542,2019-05-21,h003v011,1297.0,2028.0,0.9081,0.9231,0.9557,0.9782,0.9912,0.5006,0.3058,480.0,0b00000000000000000000000111100000,0b0,No,0b0,No,0b0,No,0b0,No,0b0,No,0b1,Yes,0b11,High,0b01,Low from OLI Band 9 reflectance,0b0,No,0b00000,
WBAN23155,35.4344,-119.0542,2019-05-30,h003v011,1297.0,2028.0,0.0501,0.063,0.0929,0.0923,0.1106,0.143,0.1403,322.0,0b00000000000000000000000101000010,0b0,No,0b1,Yes,0b0,No,0b0,No,0b0,No,0b0,No,0b01,Low,0b01,Low from OLI Band 9 reflectance,0b0,No,0b00000,
WBAN23155,35.4344,-119.0542,2019-06-06,h003v011,1297.0,2028.0,0.0522,0.0685,0.0871,0.098,0.116,0.1491,0.137,322.0,0b00000000000000000000000101000010,0b0,No,0b1,Yes,0b0,No,0b0,No,0b0,No,0b0,No,0b01,Low,0b01,Low from OLI Band 9 reflectance,0b0,No,0b00000,
WBAN23155,35.4344,-119.0542,2019-06-15,h003v011,1297.0,2028.0,0.0506,0.0647,0.0909,0.0944,0.1105,0.1467,0.1341,322.0,0b00000000000000000000000101000010,0b0,No,0b1,Yes,0b0,No,0b0,No,0b0,No,0b0,No,0b01,Low,0b01,Low from OLI Band 9 reflectance,0b0,No,0b00000,
WBAN23155,35.4344,-119.0542,2019-06-22,h003v011,1297.0,2028.0,0.0308,0.0492,0.0834,0.0959,0.1174,0.1534,0.1433,322.0,0b00000000000000000000000101000010,0b0,No,0b1,Yes,0b0,No,0b0,No,0b0,No,0b0,No,0b01,Low,0b01,Low from OLI Band 9 reflectance,0b0,No,0b00000,
WBAN23155,35.4344,-119.0542,2019-07-01,h003v011,1297.0,2028.0,0.0376,0.0563,0.0819,0.0954,0.1087,0.1272,0.1205,322.0,0b00000000000000000000000101000010,0b0,No,0b1,Yes,0b0,No,0b0,No,0b0,No,0b0,No,0b01,Low,0b01,Low from OLI Band 9 reflectance,0b0,No,0b00000,
WBAN23155,35.4344,-119.0542,2019-07-08,h003v011,1297.0,2028.0,0.0548,0.0707,0.0907,0.1043,0.123,0.1595,0.1483,322.0,0b00000000000000000000000101000010,0b0,No,0b1,Yes,0b0,No,0b0,No,0b0,No,0b0,No,0b01,Low,0b01,Low from OLI Band 9 reflectance,0b0,No,0b00000,
WBAN23155,35.4344,-119.0542,2019-07-17,h003v011,1297.0,2028.0,0.058,0.0736,0.0954,0.1061,0.122,0.1419,0.1334,322.0,0b00000000000000000000000101000010,0b0,No,0b1,Yes,0b0,No,0b0,No,0b0,No,0b0,No,0b01,Low,0b01,Low from OLI Band 9 reflectance,0b0,No,0b00000,
WBAN23155,35.4344,-119.0542,2019-07-24,h003v011,1297.0,2028.0,0.0581,0.07,0.0957,0.1066,0.1285,0.1504,0.1329,322.0,0b00000000000000000000000101000010,0b0,No,0b1,Yes,0b0,No,0b0,No,0b0,No,0b0,No,0b01,Low,0b01,Low from OLI Band 9 reflectance,0b0,No,0b00000,
WBAN23155,35.4344,-119.0542,2019-08-02,h003v011,1297.0,2028.0,0.0641,0.0792,0.0966,0.1133,0.1394,0.1551,0.1328,322.0,0b00000000000000000000000101000010,0b0,No,0b1,Yes,0b0,No,0b0,No,0b0,No,0b0,No,0b01,Low,0b01,Low from OLI Band 9 reflectance,0b0,No,0b00000,
WBAN23155,35.4344,-119.0542,2019-08-09,h003v011,1297.0,2028.0,0.0644,0.0775,0.0997,0.1132,0.1363,0.166,0.1511,322.0,0b00000000000000000000000101000010,0b0,No,0b1,Yes,0b0,No,0b0,No,0b0,No,0b0,No,0b01,Low,0b01,Low from OLI Band 9 reflectance,0b0,No,0b00000,
WBAN23155,35.4344,-119.0542,2019-08-18,h003v011,1297.0,2028.0,0.0664,0.0764,0.1013,0.1068,0.1354,0.1652,0.1462,322.0,0b00000000000000000000000101000010,0b0,No,0b1,Yes,0b0,No,0b0,No,0b0,No,0b0,No,0b01,Low,0b01,Low from OLI Band 9 reflectance,0b0,No,0b00000,
WBAN23155,35.4344,-119.0542,2019-08-25,h003v011,1297.0,2028.0,0.0597,0.0765,0.0984,0.1121,0.1358,0.1648,0.1476,322.0,0b00000000000000000000000101000010,0b0,No,0b1,Yes,0b0,No,0b0,No,0b0,No,0b0,No,0b01,Low,0b01,Low from OLI Band 9 reflectance,0b0,No,0b00000,
WBAN23155,35.4344,-119.0542,2019-09-03,h003v011,1297.0,2028.0,0.0678,0.082,0.1078,0.1156,0.1332,0.1517,0.1364,322.0,0b00000000000000000000000101000010,0b0,No,0b1,Yes,0b0,No,0b0,No,0b0,No,0b0,No,0b01,Low,0b01,Low from OLI Band 9 reflectance,0b0,No,0b00000,
WBAN23155,35.4344,-119.0542,2019-09-10,h003v011,1297.0,2028.0,0.0616,0.0719,0.0961,0.1067,0.1304,0.1395,0.1241,322.0,0b00000000000000000000000101000010,0b0,No,0b1,Yes,0b0,No,0b0,No,0b0,No,0b0,No,0b01,Low,0b01,Low from OLI Band 9 reflectance,0b0,No,0b00000,
WBAN23155,35.4344,-119.0542,2019-09-19,h003v011,1297.0,2028.0,0.1595,0.1709,0.2007,0.2275,0.282,0.3367,0.2767,352.0,0b00000000000000000000000101100000,0b0,No,0b0,No,0b0,No,0b0,No,0b0,No,0b1,Yes,0b01,Low,0b01,Low from OLI Band 9 reflectance,0b0,No,0b00000,
WBAN23155,35.4344,-119.0542,2019-09-26,h003v011,1297.0,2028.0,0.0725,0.0912,0.123,0.1431,0.183,0.2064,0.1719,322.0,0b00000000000000000000000101000010,0b0,No,0b1,Yes,0b0,No,0b0,No,0b0,No,0b0,No,0b01,Low,0b01,Low from OLI Band 9 reflectance,0b0,No,0b00000,
WBAN23203,37.38333,-120.56667,2019-05-19,h002v009,3137.0,4493.0,-9999.0,-9999.0,-9999.0,-9999.0,-9999.0,-9999.0,-9999.0,1.0,0b00000000000000000000000000000001,0b1,Yes,0b0,No,0b0,No,0b0,No,0b0,No,0b0,No,0b00,None,0b00,Not set,0b0,No,0b00000,
WBAN23203,37.38333,-120.56667,2019-05-21,h002v009,3137.0,4493.0,-9999.0,-9999.0,-9999.0,-9999.0,-9999.0,-9999.0,-9999.0,1.0,0b00000000000000000000000000000001,0b1,Yes,0b0,No,0b0,No,0b0,No,0b0,No,0b0,No,0b00,None,0b00,Not set,0b0,No,0b00000,
WBAN23203,37.38333,-120.56667,2019-05-28,h002v009,3137.0,4493.0,0.169,0.1752,0.1887,0.2028,0.2869,0.308,0.2459,480.0,0b00000000000000000000000111100000,0b0,No,0b0,No,0b0,No,0b0,No,0b0,No,0b1,Yes,0b11,High,0b01,Low from OLI Band 9 reflectance,0b0,No,0b00000,
WBAN23203,37.38333,-120.56667,2019-06-04,h002v009,3137.0,4493.0,-9999.0,-9999.0,-9999.0,-9999.0,-9999.0,-9999.0,-9999.0,1.0,0b00000000000000000000000000000001,0b1,Yes,0b0,No,0b0,No,0b0,No,0b0,No,0b0,No,0b00,None,0b00,Not set,0b0,No,0b00000,
WBAN23203,37.38333,-120.56667,2019-06-06,h002v009,3137.0,4493.0,-9999.0,-9999.0,-9999.0,-9999.0,-9999.0,-9999.0,-9999.0,1.0,0b00000000000000000000000000000001,0b1,Yes,0b0,No,0b0,No,0b0,No,0b0,No,0b0,No,0b00,None,0b00,Not set,0b0,No,0b00000,
WBAN23203,37.38333,-120.56667,2019-06-13,h002v009,3137.0,4493.0,0.0536,0.0647,0.0892,0.1109,0.1887,0.2764,0.2093,322.0,0b00000000000000000000000101000010,0b0,No,0b1,Yes,0b0,No,0b0,No,0b0,No,0b0,No,0b01,Low,0b01,Low from OLI Band 9 reflectance,0b0,No,0b00000,
WBAN23203,37.38333,-120.56667,2019-06-20,h002v009,3137.0,4493.0,-9999.0,-9999.0,-9999.0,-9999.0,-9999.0,-9999.0,-9999.0,1.0,0b00000000000000000000000000000001,0b1,Yes,0b0,No,0b0,No,0b0,No,0b0,No,0b0,No,0b00,None,0b00,Not set,0b0,No,0b00000,
WBAN23203,37.38333,-120.56667,2019-06-22,h002v009,3137.0,4493.0,-9999.0,-9999.0,-9999.0,-9999.0,-9999.0,-9999.0,-9999.0,1.0,0b00000000000000000000000000000001,0b1,Yes,0b0,No,0b0,No,0b0,No,0b0,No,0b0,No,0b00,None,0b00,Not set,0b0,No,0b00000,
WBAN23203,37.38333,-120.56667,2019-06-29,h002v009,3137.0,4493.0,0.0497,0.0626,0.0871,0.1181,0.1972,0.3213,0.2322,322.0,0b00000000000000000000000101000010,0b0,No,0b1,Yes,0b0,No,0b0,No,0b0,No,0b0,No,0b01,Low,0b01,Low from OLI Band 9 reflectance,0b0,No,0b00000,
WBAN23203,37.38333,-120.56667,2019-07-06,h002v009,3137.0,4493.0,-9999.0,-9999.0,-9999.0,-9999.0,-9999.0,-9999.0,-9999.0,1.0,0b00000000000000000000000000000001,0b1,Yes,0b0,No,0b0,No,0b0,No,0b0,No,0b0,No,0b00,None,0b00,Not set,0b0,No,0b00000,
WBAN23203,37.38333,-120.56667,2019-07-08,h002v009,3137.0,4493.0,-9999.0,-9999.0,-9999.0,-9999.0,-9999.0,-9999.0,-9999.0,1.0,0b00000000000000000000000000000001,0b1,Yes,0b0,No,0b0,No,0b0,No,0b0,No,0b0,No,0b00,None,0b00,Not set,0b0,No,0b00000,
WBAN23203,37.38333,-120.56667,2019-07-15,h002v009,3137.0,4493.0,0.0492,0.0643,0.0925,0.1263,0.2151,0.3304,0.2298,322.0,0b00000000000000000000000101000010,0b0,No,0b1,Yes,0b0,No,0b0,No,0b0,No,0b0,No,0b01,Low,0b01,Low from OLI Band 9 reflectance,0b0,No,0b00000,
WBAN23203,37.38333,-120.56667,2019-07-22,h002v009,3137.0,4493.0,-9999.0,-9999.0,-9999.0,-9999.0,-9999.0,-9999.0,-9999.0,1.0,0b00000000000000000000000000000001,0b1,Yes,0b0,No,0b0,No,0b0,No,0b0,No,0b0,No,0b00,None,0b00,Not set,0b0,No,0b00000,
WBAN23203,37.38333,-120.56667,2019-07-24,h002v009,3137.0,4493.0,-9999.0,-9999.0,-9999.0,-9999.0,-9999.0,-9999.0,-9999.0,1.0,0b00000000000000000000000000000001,0b1,Yes,0b0,No,0b0,No,0b0,No,0b0,No,0b0,No,0b00,None,0b00,Not set,0b0,No,0b00000,
WBAN23203,37.38333,-120.56667,2019-07-31,h002v009,3137.0,4493.0,0.0549,0.069,0.0966,0.1343,0.226,0.3555,0.2383,322.0,0b00000000000000000000000101000010,0b0,No,0b1,Yes,0b0,No,0b0,No,0b0,No,0b0,No,0b01,Low,0b01,Low from OLI Band 9 reflectance,0b0,No,0b00000,
WBAN23203,37.38333,-120.56667,2019-08-07,h002v009,3137.0,4493.0,-9999.0,-9999.0,-9999.0,-9999.0,-9999.0,-9999.0,-9999.0,1.0,0b00000000000000000000000000000001,0b1,Yes,0b0,No,0b0,No,0b0,No,0b0,No,0b0,No,0b00,None,0b00,Not set,0b0,No,0b00000,
WBAN23203,37.38333,-120.56667,2019-08-09,h002v009,3137.0,4493.0,-9999.0,-9999.0,-9999.0,-9999.0,-9999.0,-9999.0,-9999.0,1.0,0b00000000000000000000000000000001,0b1,Yes,0b0,No,0b0,No,0b0,No,0b0,No,0b0,No,0b00,None,0b00,Not set,0b0,No,0b00000,
WBAN23203,37.38333,-120.56667,2019-08-16,h002v009,3137.0,4493.0,0.0532,0.0672,0.097,0.1343,0.2306,0.3543,0.2318,322.0,0b00000000000000000000000101000010,0b0,No,0b1,Yes,0b0,No,0b0,No,0b0,No,0b0,No,0b01,Low,0b01,Low from OLI Band 9 reflectance,0b0,No,0b00000,
WBAN23203,37.38333,-120.56667,2019-08-23,h002v009,3137.0,4493.0,-9999.0,-9999.0,-9999.0,-9999.0,-9999.0,-9999.0,-9999.0,1.0,0b00000000000000000000000000000001,0b1,Yes,0b0,No,0b0,No,0b0,No,0b0,No,0b0,No,0b00,None,0b00,Not set,0b0,No,0b00000,
WBAN23203,37.38333,-120.56667,2019-08-25,h002v009,3137.0,4493.0,-9999.0,-9999.0,-9999.0,-9999.0,-9999.0,-9999.0,-9999.0,1.0,0b00000000000000000000000000000001,0b1,Yes,0b0,No,0b0,No,0b0,No,0b0,No,0b0,No,0b00,None,0b00,Not set,0b0,No,0b00000,
WBAN23203,37.38333,-120.56667,2019-09-01,h002v009,3137.0,4493.0,0.0546,0.0679,0.0978,0.1371,0.2382,0.3568,0.2287,322.0,0b00000000000000000000000101000010,0b0,No,0b1,Yes,0b0,No,0b0,No,0b0,No,0b0,No,0b01,Low,0b01,Low from OLI Band 9 reflectance,0b0,No,0b00000,
WBAN23203,37.38333,-120.56667,2019-09-08,h002v009,3137.0,4493.0,-9999.0,-9999.0,-9999.0,-9999.0,-9999.0,-9999.0,-9999.0,1.0,0b00000000000000000000000000000001,0b1,Yes,0b0,No,0b0,No,0b0,No,0b0,No,0b0,No,0b00,None,0b00,Not set,0b0,No,0b00000,
WBAN23203,37.38333,-120.56667,2019-09-10,h002v009,3137.0,4493.0,-9999.0,-9999.0,-9999.0,-9999.0,-9999.0,-9999.0,-9999.0,1.0,0b00000000000000000000000000000001,0b1,Yes,0b0,No,0b0,No,0b0,No,0b0,No,0b0,No,0b00,None,0b00,Not set,0b0,No,0b00000,
WBAN23203,37.38333,-120.56667,2019-09-17,h002v009,3137.0,4493.0,0.0514,0.0637,0.089,0.1235,0.215,-0.1142,0.2233,322.0,0b00000000000000000000000101000010,0b0,No,0b1,Yes,0b0,No,0b0,No,0b0,No,0b0,No,0b01,Low,0b01,Low from OLI Band 9 reflectance,0b0,No,0b00000,
WBAN23203,37.38333,-120.56667,2019-09-24,h002v009,3137.0,4493.0,-9999.0,-9999.0,-9999.0,-9999.0,-9999.0,-9999.0,-9999.0,1.0,0b00000000000000000000000000000001,0b1,Yes,0b0,No,0b0,No,0b0,No,0b0,No,0b0,No,0b00,None,0b00,Not set,0b0,No,0b00000,
WBAN23203,37.38333,-120.56667,2019-09-26,h002v009,3137.0,4493.0,-9999.0,-9999.0,-9999.0,-9999.0,-9999.0,-9999.0,-9999.0,1.0,0b00000000000000000000000000000001,0b1,Yes,0b0,No,0b0,No,0b0,No,0b0,No,0b0,No,0b00,None,0b00,Not set,0b0,No,0b00000,
WBAN23237,37.8891,-121.2258,2019-05-19,h002v009,815.0,3127.0,0.0721,0.0943,0.135,0.1737,0.2697,0.1465,0.0911,352.0,0b00000000000000000000000101100000,0b0,No,0b0,No,0b0,No,0b0,No,0b0,No,0b1,Yes,0b01,Low,0b01,Low from OLI Band 9 reflectance,0b0,No,0b00000,
WBAN23237,37.8891,-121.2258,2019-05-21,h002v009,815.0,3127.0,-9999.0,-9999.0,-9999.0,-9999.0,-9999.0,-9999.0,-9999.0,1.0,0b00000000000000000000000000000001,0b1,Yes,0b0,No,0b0,No,0b0,No,0b0,No,0b0,No,0b00,None,0b00,Not set,0b0,No,0b00000,
WBAN23237,37.8891,-121.2258,2019-05-28,h002v009,815.0,3127.0,0.0896,0.1125,0.1504,0.1909,0.2754,0.3683,0.2671,322.0,0b00000000000000000000000101000010,0b0,No,0b1,Yes,0b0,No,0b0,No,0b0,No,0b0,No,0b01,Low,0b01,Low from OLI Band 9 reflectance,0b0,No,0b00000,
WBAN23237,37.8891,-121.2258,2019-06-04,h002v009,815.0,3127.0,0.0776,0.0993,0.14,0.1827,0.2663,0.3622,0.2516,322.0,0b00000000000000000000000101000010,0b0,No,0b1,Yes,0b0,No,0b0,No,0b0,No,0b0,No,0b01,Low,0b01,Low from OLI Band 9 reflectance,0b0,No,0b00000,
WBAN23237,37.8891,-121.2258,2019-06-06,h002v009,815.0,3127.0,-9999.0,-9999.0,-9999.0,-9999.0,-9999.0,-9999.0,-9999.0,1.0,0b00000000000000000000000000000001,0b1,Yes,0b0,No,0b0,No,0b0,No,0b0,No,0b0,No,0b00,None,0b00,Not set,0b0,No,0b00000,
WBAN23237,37.8891,-121.2258,2019-06-13,h002v009,815.0,3127.0,0.0873,0.1084,0.1516,0.197,0.2898,0.379,0.2644,322.0,0b00000000000000000000000101000010,0b0,No,0b1,Yes,0b0,No,0b0,No,0b0,No,0b0,No,0b01,Low,0b01,Low from OLI Band 9 reflectance,0b0,No,0b00000,
WBAN23237,37.8891,-121.2258,2019-06-20,h002v009,815.0,3127.0,0.0753,0.0969,0.1428,0.1873,0.2837,0.3716,0.2487,322.0,0b00000000000000000000000101000010,0b0,No,0b1,Yes,0b0,No,0b0,No,0b0,No,0b0,No,0b01,Low,0b01,Low from OLI Band 9 reflectance,0b0,No,0b00000,
WBAN23237,37.8891,-121.2258,2019-06-22,h002v009,815.0,3127.0,-9999.0,-9999.0,-9999.0,-9999.0,-9999.0,-9999.0,-9999.0,1.0,0b00000000000000000000000000000001,0b1,Yes,0b0,No,0b0,No,0b0,No,0b0,No,0b0,No,0b00,None,0b00,Not set,0b0,No,0b00000,
WBAN23237,37.8891,-121.2258,2019-06-29,h002v009,815.0,3127.0,0.0846,0.107,0.1526,0.1917,0.3012,0.3422,0.2395,322.0,0b00000000000000000000000101000010,0b0,No,0b1,Yes,0b0,No,0b0,No,0b0,No,0b0,No,0b01,Low,0b01,Low from OLI Band 9 reflectance,0b0,No,0b00000,
WBAN23237,37.8891,-121.2258,2019-07-06,h002v009,815.0,3127.0,0.0804,0.1004,0.1417,0.1846,0.2943,0.3618,0.2479,322.0,0b00000000000000000000000101000010,0b0,No,0b1,Yes,0b0,No,0b0,No,0b0,No,0b0,No,0b01,Low,0b01,Low from OLI Band 9 reflectance,0b0,No,0b00000,
WBAN23237,37.8891,-121.2258,2019-07-08,h002v009,815.0,3127.0,-9999.0,-9999.0,-9999.0,-9999.0,-9999.0,-9999.0,-9999.0,1.0,0b00000000000000000000000000000001,0b1,Yes,0b0,No,0b0,No,0b0,No,0b0,No,0b0,No,0b00,None,0b00,Not set,0b0,No,0b00000,
WBAN23237,37.8891,-121.2258,2019-07-15,h002v009,815.0,3127.0,0.0849,0.1075,0.1544,0.2024,0.3181,0.3827,0.253,322.0,0b00000000000000000000000101000010,0b0,No,0b1,Yes,0b0,No,0b0,No,0b0,No,0b0,No,0b01,Low,0b01,Low from OLI Band 9 reflectance,0b0,No,0b00000,
WBAN23237,37.8891,-121.2258,2019-07-22,h002v009,815.0,3127.0,0.0774,0.1001,0.145,0.195,0.3127,0.3745,0.2391,322.0,0b00000000000000000000000101000010,0b0,No,0b1,Yes,0b0,No,0b0,No,0b0,No,0b0,No,0b01,Low,0b01,Low from OLI Band 9 reflectance,0b0,No,0b00000,
WBAN23237,37.8891,-121.2258,2019-07-24,h002v009,815.0,3127.0,-9999.0,-9999.0,-9999.0,-9999.0,-9999.0,-9999.0,-9999.0,1.0,0b00000000000000000000000000000001,0b1,Yes,0b0,No,0b0,No,0b0,No,0b0,No,0b0,No,0b00,None,0b00,Not set,0b0,No,0b00000,
WBAN23237,37.8891,-121.2258,2019-07-31,h002v009,815.0,3127.0,0.0891,0.1103,0.1557,0.2084,0.3303,0.3876,0.2532,322.0,0b00000000000000000000000101000010,0b0,No,0b1,Yes,0b0,No,0b0,No,0b0,No,0b0,No,0b01,Low,0b01,Low from OLI Band 9 reflectance,0b0,No,0b00000,
WBAN23237,37.8891,-121.2258,2019-08-07,h002v009,815.0,3127.0,0.0782,0.0986,0.1474,0.1975,0.3124,0.3707,0.2422,322.0,0b00000000000000000000000101000010,0b0,No,0b1,Yes,0b0,No,0b0,No,0b0,No,0b0,No,0b01,Low,0b01,Low from OLI Band 9 reflectance,0b0,No,0b00000,
WBAN23237,37.8891,-121.2258,2019-08-09,h002v009,815.0,3127.0,-9999.0,-9999.0,-9999.0,-9999.0,-9999.0,-9999.0,-9999.0,1.0,0b00000000000000000000000000000001,0b1,Yes,0b0,No,0b0,No,0b0,No,0b0,No,0b0,No,0b00,None,0b00,Not set,0b0,No,0b00000,
WBAN23237,37.8891,-121.2258,2019-08-16,h002v009,815.0,3127.0,0.0867,0.1081,0.1524,0.2069,0.3285,0.3827,0.2501,322.0,0b00000000000000000000000101000010,0b0,No,0b1,Yes,0b0,No,0b0,No,0b0,No,0b0,No,0b01,Low,0b01,Low from OLI Band 9 reflectance,0b0,No,0b00000,
WBAN23237,37.8891,-121.2258,2019-08-23,h002v009,815.0,3127.0,0.0754,0.0956,0.1383,0.1874,0.3028,0.3646,0.2313,322.0,0b00000000000000000000000101000010,0b0,No,0b1,Yes,0b0,No,0b0,No,0b0,No,0b0,No,0b01,Low,0b01,Low from OLI Band 9 reflectance,0b0,No,0b00000,
WBAN23237,37.8891,-121.2258,2019-08-25,h002v009,815.0,3127.0,-9999.0,-9999.0,-9999.0,-9999.0,-9999.0,-9999.0,-9999.0,1.0,0b00000000000000000000000000000001,0b1,Yes,0b0,No,0b0,No,0b0,No,0b0,No,0b0,No,0b00,None,0b00,Not set,0b0,No,0b00000,
WBAN23237,37.8891,-121.2258,2019-09-01,h002v009,815.0,3127.0,0.0826,0.1025,0.1435,0.1958,0.3091,0.3676,0.2382,322.0,0b00000000000000000000000101000010,0b0,No,0b1,Yes,0b0,No,0b0,No,0b0,No,0b0,No,0b01,Low,0b01,Low from OLI Band 9 reflectance,0b0,No,0b00000,
WBAN23237,37.8891,-121.2258,2019-09-08,h002v009,815.0,3127.0,0.0704,0.0916,0.1366,0.1908,0.3082,0.3532,0.2252,322.0,0b00000000000000000000000101000010,0b0,No,0b1,Yes,0b0,No,0b0,No,0b0,No,0b0,No,0b01,Low,0b01,Low from OLI Band 9 reflectance,0b0,No,0b00000,
WBAN23237,37.8891,-121.2258,2019-09-10,h002v009,815.0,3127.0,-9999.0,-9999.0,-9999.0,-9999.0,-9999.0,-9999.0,-9999.0,1.0,0b00000000000000000000000000000001,0b1,Yes,0b0,No,0b0,No,0b0,No,0b0,No,0b0,No,0b00,None,0b00,Not set,0b0,No,0b00000,
WBAN23237,37.8891,-121.2258,2019-09-17,h002v009,815.0,3127.0,0.0805,0.0995,0.1367,0.1863,0.3045,-0.137,0.2318,322.0,0b00000000000000000000000101000010,0b0,No,0b1,Yes,0b0,No,0b0,No,0b0,No,0b0,No,0b01,Low,0b01,Low from OLI Band 9 reflectance,0b0,No,0b00000,
WBAN23237,37.8891,-121.2258,2019-09-24,h002v009,815.0,3127.0,0.0693,0.0895,0.1317,0.1794,0.2851,0.354,0.2324,322.0,0b00000000000000000000000101000010,0b0,No,0b1,Yes,0b0,No,0b0,No,0b0,No,0b0,No,0b01,Low,0b01,Low from OLI Band 9 reflectance,0b0,No,0b00000,
WBAN23237,37.8891,-121.2258,2019-09-26,h002v009,815.0,3127.0,-9999.0,-9999.0,-9999.0,-9999.0,-9999.0,-9999.0,-9999.0,1.0,0b00000000000000000000000000000001,0b1,Yes,0b0,No,0b0,No,0b0,No,0b0,No,0b0,No,0b00,None,0b00,Not set,0b0,No,0b00000,
WBAN23257,37.28472,-120.51278,2019-05-19,h002v009,3534.0,4551.0,-9999.0,-9999.0,-9999.0,-9999.0,-9999.0,-9999.0,-9999.0,1.0,0b00000000000000000000000000000001,0b1,Yes,0b0,No,0b0,No,0b0,No,0b0,No,0b0,No,0b00,None,0b00,Not set,0b0,No,0b00000,
WBAN23257,37.28472,-120.51278,2019-05-21,h002v009,3534.0,4551.0,-9999.0,-9999.0,-9999.0,-9999.0,-9999.0,-9999.0,-9999.0,1.0,0b00000000000000000000000000000001,0b1,Yes,0b0,No,0b0,No,0b0,No,0b0,No,0b0,No,0b00,None,0b00,Not set,0b0,No,0b00000,
WBAN23257,37.28472,-120.51278,2019-05-28,h002v009,3534.0,4551.0,0.3276,0.3382,0.3617,0.3751,0.4679,0.4551,0.3844,480.0,0b00000000000000000000000111100000,0b0,No,0b0,No,0b0,No,0b0,No,0b0,No,0b1,Yes,0b11,High,0b01,Low from OLI Band 9 reflectance,0b0,No,0b00000,
WBAN23257,37.28472,-120.51278,2019-06-04,h002v009,3534.0,4551.0,-9999.0,-9999.0,-9999.0,-9999.0,-9999.0,-9999.0,-9999.0,1.0,0b00000000000000000000000000000001,0b1,Yes,0b0,No,0b0,No,0b0,No,0b0,No,0b0,No,0b00,None,0b00,Not set,0b0,No,0b00000,
WBAN23257,37.28472,-120.51278,2019-06-06,h002v009,3534.0,4551.0,-9999.0,-9999.0,-9999.0,-9999.0,-9999.0,-9999.0,-9999.0,1.0,0b00000000000000000000000000000001,0b1,Yes,0b0,No,0b0,No,0b0,No,0b0,No,0b0,No,0b00,None,0b00,Not set,0b0,No,0b00000,
WBAN23257,37.28472,-120.51278,2019-06-13,h002v009,3534.0,4551.0,0.0611,0.0936,0.1499,0.1985,0.3033,0.3789,0.2574,322.0,0b00000000000000000000000101000010,0b0,No,0b1,Yes,0b0,No,0b0,No,0b0,No,0b0,No,0b01,Low,0b01,Low from OLI Band 9 reflectance,0b0,No,0b00000,
WBAN23257,37.28472,-120.51278,2019-06-20,h002v009,3534.0,4551.0,-9999.0,-9999.0,-9999.0,-9999.0,-9999.0,-9999.0,-9999.0,1.0,0b00000000000000000000000000000001,0b1,Yes,0b0,No,0b0,No,0b0,No,0b0,No,0b0,No,0b00,None,0b00,Not set,0b0,No,0b00000,
WBAN23257,37.28472,-120.51278,2019-06-22,h002v009,3534.0,4551.0,-9999.0,-9999.0,-9999.0,-9999.0,-9999.0,-9999.0,-9999.0,1.0,0b00000000000000000000000000000001,0b1,Yes,0b0,No,0b0,No,0b0,No,0b0,No,0b0,No,0b00,None,0b00,Not set,0b0,No,0b00000,
WBAN23257,37.28472,-120.51278,2019-06-29,h002v009,3534.0,4551.0,0.0756,0.1016,0.1566,0.2172,0.343,0.3836,0.2612,322.0,0b00000000000000000000000101000010,0b0,No,0b1,Yes,0b0,No,0b0,No,0b0,No,0b0,No,0b01,Low,0b01,Low from OLI Band 9 reflectance,0b0,No,0b00000,
WBAN23257,37.28472,-120.51278,2019-07-06,h002v009,3534.0,4551.0,-9999.0,-9999.0,-9999.0,-9999.0,-9999.0,-9999.0,-9999.0,1.0,0b00000000000000000000000000000001,0b1,Yes,0b0,No,0b0,No,0b0,No,0b0,No,0b0,No,0b00,None,0b00,Not set,0b0,No,0b00000,
WBAN23257,37.28472,-120.51278,2019-07-08,h002v009,3534.0,4551.0,-9999.0,-9999.0,-9999.0,-9999.0,-9999.0,-9999.0,-9999.0,1.0,0b00000000000000000000000000000001,0b1,Yes,0b0,No,0b0,No,0b0,No,0b0,No,0b0,No,0b00,None,0b00,Not set,0b0,No,0b00000,
WBAN23257,37.28472,-120.51278,2019-07-15,h002v009,3534.0,4551.0,0.0658,0.0985,0.1554,0.2183,0.3434,0.4194,0.2731,322.0,0b00000000000000000000000101000010,0b0,No,0b1,Yes,0b0,No,0b0,No,0b0,No,0b0,No,0b01,Low,0b01,Low from OLI Band 9 reflectance,0b0,No,0b00000,
WBAN23257,37.28472,-120.51278,2019-07-22,h002v009,3534.0,4551.0,-9999.0,-9999.0,-9999.0,-9999.0,-9999.0,-9999.0,-9999.0,1.0,0b00000000000000000000000000000001,0b1,Yes,0b0,No,0b0,No,0b0,No,0b0,No,0b0,No,0b00,None,0b00,Not set,0b0,No,0b00000,
WBAN23257,37.28472,-120.51278,2019-07-24,h002v009,3534.0,4551.0,-9999.0,-9999.0,-9999.0,-9999.0,-9999.0,-9999.0,-9999.0,1.0,0b00000000000000000000000000000001,0b1,Yes,0b0,No,0b0,No,0b0,No,0b0,No,0b0,No,0b00,None,0b00,Not set,0b0,No,0b00000,
WBAN23257,37.28472,-120.51278,2019-07-31,h002v009,3534.0,4551.0,0.067,0.0942,0.149,0.2219,0.3574,0.3951,0.2573,322.0,0b00000000000000000000000101000010,0b0,No,0b1,Yes,0b0,No,0b0,No,0b0,No,0b0,No,0b01,Low,0b01,Low from OLI Band 9 reflectance,0b0,No,0b00000,
WBAN23257,37.28472,-120.51278,2019-08-07,h002v009,3534.0,4551.0,-9999.0,-9999.0,-9999.0,-9999.0,-9999.0,-9999.0,-9999.0,1.0,0b00000000000000000000000000000001,0b1,Yes,0b0,No,0b0,No,0b0,No,0b0,No,0b0,No,0b00,None,0b00,Not set,0b0,No,0b00000,
WBAN23257,37.28472,-120.51278,2019-08-09,h002v009,3534.0,4551.0,-9999.0,-9999.0,-9999.0,-9999.0,-9999.0,-9999.0,-9999.0,1.0,0b00000000000000000000000000000001,0b1,Yes,0b0,No,0b0,No,0b0,No,0b0,No,0b0,No,0b00,None,0b00,Not set,0b0,No,0b00000,
WBAN23257,37.28472,-120.51278,2019-08-16,h002v009,3534.0,4551.0,0.0679,0.0927,0.143,0.2015,0.3209,0.4187,0.2694,322.0,0b00000000000000000000000101000010,0b0,No,0b1,Yes,0b0,No,0b0,No,0b0,No,0b0,No,0b01,Low,0b01,Low from OLI Band 9 reflectance,0b0,No,0b00000,
WBAN23257,37.28472,-120.51278,2019-08-23,h002v009,3534.0,4551.0,-9999.0,-9999.0,-9999.0,-9999.0,-9999.0,-9999.0,-9999.0,1.0,0b00000000000000000000000000000001,0b1,Yes,0b0,No,0b0,No,0b0,No,0b0,No,0b0,No,0b00,None,0b00,Not set,0b0,No,0b00000,
WBAN23257,37.28472,-120.51278,2019-08-25,h002v009,3534.0,4551.0,-9999.0,-9999.0,-9999.0,-9999.0,-9999.0,-9999.0,-9999.0,1.0,0b00000000000000000000000000000001,0b1,Yes,0b0,No,0b0,No,0b0,No,0b0,No,0b0,No,0b00,None,0b00,Not set,0b0,No,0b00000,
WBAN23257,37.28472,-120.51278,2019-09-01,h002v009,3534.0,4551.0,0.0663,0.0932,0.1511,0.2218,0.3547,0.4059,0.2603,322.0,0b00000000000000000000000101000010,0b0,No,0b1,Yes,0b0,No,0b0,No,0b0,No,0b0,No,0b01,Low,0b01,Low from OLI Band 9 reflectance,0b0,No,0b00000,
WBAN23257,37.28472,-120.51278,2019-09-08,h002v009,3534.0,4551.0,-9999.0,-9999.0,-9999.0,-9999.0,-9999.0,-9999.0,-9999.0,1.0,0b00000000000000000000000000000001,0b1,Yes,0b0,No,0b0,No,0b0,No,0b0,No,0b0,No,0b00,None,0b00,Not set,0b0,No,0b00000,
WBAN23257,37.28472,-120.51278,2019-09-10,h002v009,3534.0,4551.0,-9999.0,-9999.0,-9999.0,-9999.0,-9999.0,-9999.0,-9999.0,1.0,0b00000000000000000000000000000001,0b1,Yes,0b0,No,0b0,No,0b0,No,0b0,No,0b0,No,0b00,None,0b00,Not set,0b0,No,0b00000,
WBAN23257,37.28472,-120.51278,2019-09-17,h002v009,3534.0,4551.0,0.0661,0.0875,0.138,0.2014,0.3297,0.043,0.2561,322.0,0b00000000000000000000000101000010,0b0,No,0b1,Yes,0b0,No,0b0,No,0b0,No,0b0,No,0b01,Low,0b01,Low from OLI Band 9 reflectance,0b0,No,0b00000,
WBAN23257,37.28472,-120.51278,2019-09-24,h002v009,3534.0,4551.0,-9999.0,-9999.0,-9999.0,-9999.0,-9999.0,-9999.0,-9999.0,1.0,0b00000000000000000000000000000001,0b1,Yes,0b0,No,0b0,No,0b0,No,0b0,No,0b0,No,0b00,None,0b00,Not set,0b0,No,0b00000,
WBAN23257,37.28472,-120.51278,2019-09-26,h002v009,3534.0,4551.0,-9999.0,-9999.0,-9999.0,-9999.0,-9999.0,-9999.0,-9999.0,1.0,0b00000000000000000000000000000001,0b1,Yes,0b0,No,0b0,No,0b0,No,0b0,No,0b0,No,0b00,None,0b00,Not set,0b0,No,0b00000,
WBAN23258,37.6241,-120.9505,2019-05-19,h002v009,1980.0,3642.0,-9999.0,-9999.0,-9999.0,-9999.0,-9999.0,-9999.0,-9999.0,1.0,0b00000000000000000000000000000001,0b1,Yes,0b0,No,0b0,No,0b0,No,0b0,No,0b0,No,0b00,None,0b00,Not set,0b0,No,0b00000,
WBAN23258,37.6241,-120.9505,2019-05-21,h002v009,1980.0,3642.0,-9999.0,-9999.0,-9999.0,-9999.0,-9999.0,-9999.0,-9999.0,1.0,0b00000000000000000000000000000001,0b1,Yes,0b0,No,0b0,No,0b0,No,0b0,No,0b0,No,0b00,None,0b00,Not set,0b0,No,0b00000,
WBAN23258,37.6241,-120.9505,2019-05-28,h002v009,1980.0,3642.0,0.044,0.0514,0.063,0.0681,0.1022,0.1102,0.0741,328.0,0b00000000000000000000000101001000,0b0,No,0b0,No,0b0,No,0b1,Yes,0b0,No,0b0,No,0b01,Low,0b01,Low from OLI Band 9 reflectance,0b0,No,0b00000,
WBAN23258,37.6241,-120.9505,2019-06-04,h002v009,1980.0,3642.0,-9999.0,-9999.0,-9999.0,-9999.0,-9999.0,-9999.0,-9999.0,1.0,0b00000000000000000000000000000001,0b1,Yes,0b0,No,0b0,No,0b0,No,0b0,No,0b0,No,0b00,None,0b00,Not set,0b0,No,0b00000,
WBAN23258,37.6241,-120.9505,2019-06-06,h002v009,1980.0,3642.0,-9999.0,-9999.0,-9999.0,-9999.0,-9999.0,-9999.0,-9999.0,1.0,0b00000000000000000000000000000001,0b1,Yes,0b0,No,0b0,No,0b0,No,0b0,No,0b0,No,0b00,None,0b00,Not set,0b0,No,0b00000,
WBAN23258,37.6241,-120.9505,2019-06-13,h002v009,1980.0,3642.0,0.0676,0.0946,0.1328,0.1674,0.2591,0.3225,0.2283,322.0,0b00000000000000000000000101000010,0b0,No,0b1,Yes,0b0,No,0b0,No,0b0,No,0b0,No,0b01,Low,0b01,Low from OLI Band 9 reflectance,0b0,No,0b00000,
WBAN23258,37.6241,-120.9505,2019-06-20,h002v009,1980.0,3642.0,-9999.0,-9999.0,-9999.0,-9999.0,-9999.0,-9999.0,-9999.0,1.0,0b00000000000000000000000000000001,0b1,Yes,0b0,No,0b0,No,0b0,No,0b0,No,0b0,No,0b00,None,0b00,Not set,0b0,No,0b00000,
WBAN23258,37.6241,-120.9505,2019-06-22,h002v009,1980.0,3642.0,-9999.0,-9999.0,-9999.0,-9999.0,-9999.0,-9999.0,-9999.0,1.0,0b00000000000000000000000000000001,0b1,Yes,0b0,No,0b0,No,0b0,No,0b0,No,0b0,No,0b00,None,0b00,Not set,0b0,No,0b00000,
WBAN23258,37.6241,-120.9505,2019-06-29,h002v009,1980.0,3642.0,0.084,0.1048,0.14,0.1742,0.2717,0.3151,0.2229,322.0,0b00000000000000000000000101000010,0b0,No,0b1,Yes,0b0,No,0b0,No,0b0,No,0b0,No,0b01,Low,0b01,Low from OLI Band 9 reflectance,0b0,No,0b00000,
WBAN23258,37.6241,-120.9505,2019-07-06,h002v009,1980.0,3642.0,-9999.0,-9999.0,-9999.0,-9999.0,-9999.0,-9999.0,-9999.0,1.0,0b00000000000000000000000000000001,0b1,Yes,0b0,No,0b0,No,0b0,No,0b0,No,0b0,No,0b00,None,0b00,Not set,0b0,No,0b00000,
WBAN23258,37.6241,-120.9505,2019-07-08,h002v009,1980.0,3642.0,-9999.0,-9999.0,-9999.0,-9999.0,-9999.0,-9999.0,-9999.0,1.0,0b00000000000000000000000000000001,0b1,Yes,0b0,No,0b0,No,0b0,No,0b0,No,0b0,No,0b00,None,0b00,Not set,0b0,No,0b00000,
WBAN23258,37.6241,-120.9505,2019-07-15,h002v009,1980.0,3642.0,0.0836,0.1086,0.1481,0.1908,0.2957,0.3407,0.2299,322.0,0b00000000000000000000000101000010,0b0,No,0b1,Yes,0b0,No,0b0,No,0b0,No,0b0,No,0b01,Low,0b01,Low from OLI Band 9 reflectance,0b0,No,0b00000,
WBAN23258,37.6241,-120.9505,2019-07-22,h002v009,1980.0,3642.0,-9999.0,-9999.0,-9999.0,-9999.0,-9999.0,-9999.0,-9999.0,1.0,0b00000000000000000000000000000001,0b1,Yes,0b0,No,0b0,No,0b0,No,0b0,No,0b0,No,0b00,None,0b00,Not set,0b0,No,0b00000,
WBAN23258,37.6241,-120.9505,2019-07-24,h002v009,1980.0,3642.0,-9999.0,-9999.0,-9999.0,-9999.0,-9999.0,-9999.0,-9999.0,1.0,0b00000000000000000000000000000001,0b1,Yes,0b0,No,0b0,No,0b0,No,0b0,No,0b0,No,0b00,None,0b00,Not set,0b0,No,0b00000,
WBAN23258,37.6241,-120.9505,2019-07-31,h002v009,1980.0,3642.0,0.089,0.1127,0.1643,0.2167,0.3264,0.3797,0.2547,322.0,0b00000000000000000000000101000010,0b0,No,0b1,Yes,0b0,No,0b0,No,0b0,No,0b0,No,0b01,Low,0b01,Low from OLI Band 9 reflectance,0b0,No,0b00000,
WBAN23258,37.6241,-120.9505,2019-08-07,h002v009,1980.0,3642.0,-9999.0,-9999.0,-9999.0,-9999.0,-9999.0,-9999.0,-9999.0,1.0,0b00000000000000000000000000000001,0b1,Yes,0b0,No,0b0,No,0b0,No,0b0,No,0b0,No,0b00,None,0b00,Not set,0b0,No,0b00000,
WBAN23258,37.6241,-120.9505,2019-08-09,h002v009,1980.0,3642.0,-9999.0,-9999.0,-9999.0,-9999.0,-9999.0,-9999.0,-9999.0,1.0,0b00000000000000000000000000000001,0b1,Yes,0b0,No,0b0,No,0b0,No,0b0,No,0b0,No,0b00,None,0b00,Not set,0b0,No,0b00000,
WBAN23258,37.6241,-120.9505,2019-08-16,h002v009,1980.0,3642.0,0.0789,0.1025,0.1512,0.1993,0.3059,0.3531,0.2342,322.0,0b00000000000000000000000101000010,0b0,No,0b1,Yes,0b0,No,0b0,No,0b0,No,0b0,No,0b01,Low,0b01,Low from OLI Band 9 reflectance,0b0,No,0b00000,
WBAN23258,37.6241,-120.9505,2019-08-23,h002v009,1980.0,3642.0,-9999.0,-9999.0,-9999.0,-9999.0,-9999.0,-9999.0,-9999.0,1.0,0b00000000000000000000000000000001,0b1,Yes,0b0,No,0b0,No,0b0,No,0b0,No,0b0,No,0b00,None,0b00,Not set,0b0,No,0b00000,
WBAN23258,37.6241,-120.9505,2019-08-25,h002v009,1980.0,3642.0,-9999.0,-9999.0,-9999.0,-9999.0,-9999.0,-9999.0,-9999.0,1.0,0b00000000000000000000000000000001,0b1,Yes,0b0,No,0b0,No,0b0,No,0b0,No,0b0,No,0b00,None,0b00,Not set,0b0,No,0b00000,
WBAN23258,37.6241,-120.9505,2019-09-01,h002v009,1980.0,3642.0,0.0848,0.107,0.1481,0.1948,0.3072,0.3433,0.2243,322.0,0b00000000000000000000000101000010,0b0,No,0b1,Yes,0b0,No,0b0,No,0b0,No,0b0,No,0b01,Low,0b01,Low from OLI Band 9 reflectance,0b0,No,0b00000,
WBAN23258,37.6241,-120.9505,2019-09-08,h002v009,1980.0,3642.0,-9999.0,-9999.0,-9999.0,-9999.0,-9999.0,-9999.0,-9999.0,1.0,0b00000000000000000000000000000001,0b1,Yes,0b0,No,0b0,No,0b0,No,0b0,No,0b0,No,0b00,None,0b00,Not set,0b0,No,0b00000,
WBAN23258,37.6241,-120.9505,2019-09-10,h002v009,1980.0,3642.0,-9999.0,-9999.0,-9999.0,-9999.0,-9999.0,-9999.0,-9999.0,1.0,0b00000000000000000000000000000001,0b1,Yes,0b0,No,0b0,No,0b0,No,0b0,No,0b0,No,0b00,None,0b00,Not set,0b0,No,0b00000,
WBAN23258,37.6241,-120.9505,2019-09-17,h002v009,1980.0,3642.0,0.076,0.0965,0.1382,0.1904,0.3112,-0.0466,0.2286,322.0,0b00000000000000000000000101000010,0b0,No,0b1,Yes,0b0,No,0b0,No,0b0,No,0b0,No,0b01,Low,0b01,Low from OLI Band 9 reflectance,0b0,No,0b00000,
WBAN23258,37.6241,-120.9505,2019-09-24,h002v009,1980.0,3642.0,-9999.0,-9999.0,-9999.0,-9999.0,-9999.0,-9999.0,-9999.0,1.0,0b00000000000000000000000000000001,0b1,Yes,0b0,No,0b0,No,0b0,No,0b0,No,0b0,No,0b00,None,0b00,Not set,0b0,No,0b00000,
WBAN23258,37.6241,-120.9505,2019-09-26,h002v009,1980.0,3642.0,-9999.0,-9999.0,-9999.0,-9999.0,-9999.0,-9999.0,-9999.0,1.0,0b00000000000000000000000000000001,0b1,Yes,0b0,No,0b0,No,0b0,No,0b0,No,0b0,No,0b00,None,0b00,Not set,0b0,No,0b00000,
WBAN53119,36.31889,-119.62889,2019-05-21,h003v010,2678.0,1168.0,0.1045,0.1075,0.1425,0.1486,0.1976,0.209,0.1665,352.0,0b00000000000000000000000101100000,0b0,No,0b0,No,0b0,No,0b0,No,0b0,No,0b1,Yes,0b01,Low,0b01,Low from OLI Band 9 reflectance,0b0,No,0b00000,
WBAN53119,36.31889,-119.62889,2019-05-28,h003v010,2678.0,1168.0,-9999.0,-9999.0,-9999.0,-9999.0,-9999.0,-9999.0,-9999.0,1.0,0b00000000000000000000000000000001,0b1,Yes,0b0,No,0b0,No,0b0,No,0b0,No,0b0,No,0b00,None,0b00,Not set,0b0,No,0b00000,
WBAN53119,36.31889,-119.62889,2019-05-30,h003v010,2678.0,1168.0,-9999.0,-9999.0,-9999.0,-9999.0,-9999.0,-9999.0,-9999.0,1.0,0b00000000000000000000000000000001,0b1,Yes,0b0,No,0b0,No,0b0,No,0b0,No,0b0,No,0b00,None,0b00,Not set,0b0,No,0b00000,
WBAN53119,36.31889,-119.62889,2019-06-06,h003v010,2678.0,1168.0,0.0907,0.1162,0.1573,0.1926,0.2771,0.3765,0.3116,322.0,0b00000000000000000000000101000010,0b0,No,0b1,Yes,0b0,No,0b0,No,0b0,No,0b0,No,0b01,Low,0b01,Low from OLI Band 9 reflectance,0b0,No,0b00000,
WBAN53119,36.31889,-119.62889,2019-06-13,h003v010,2678.0,1168.0,-9999.0,-9999.0,-9999.0,-9999.0,-9999.0,-9999.0,-9999.0,1.0,0b00000000000000000000000000000001,0b1,Yes,0b0,No,0b0,No,0b0,No,0b0,No,0b0,No,0b00,None,0b00,Not set,0b0,No,0b00000,
WBAN53119,36.31889,-119.62889,2019-06-15,h003v010,2678.0,1168.0,-9999.0,-9999.0,-9999.0,-9999.0,-9999.0,-9999.0,-9999.0,1.0,0b00000000000000000000000000000001,0b1,Yes,0b0,No,0b0,No,0b0,No,0b0,No,0b0,No,0b00,None,0b00,Not set,0b0,No,0b00000,
WBAN53119,36.31889,-119.62889,2019-06-22,h003v010,2678.0,1168.0,0.0927,0.1116,0.1491,0.1841,0.2544,0.342,0.2869,322.0,0b00000000000000000000000101000010,0b0,No,0b1,Yes,0b0,No,0b0,No,0b0,No,0b0,No,0b01,Low,0b01,Low from OLI Band 9 reflectance,0b0,No,0b00000,
WBAN53119,36.31889,-119.62889,2019-06-29,h003v010,2678.0,1168.0,-9999.0,-9999.0,-9999.0,-9999.0,-9999.0,-9999.0,-9999.0,1.0,0b00000000000000000000000000000001,0b1,Yes,0b0,No,0b0,No,0b0,No,0b0,No,0b0,No,0b00,None,0b00,Not set,0b0,No,0b00000,
WBAN53119,36.31889,-119.62889,2019-07-01,h003v010,2678.0,1168.0,-9999.0,-9999.0,-9999.0,-9999.0,-9999.0,-9999.0,-9999.0,1.0,0b00000000000000000000000000000001,0b1,Yes,0b0,No,0b0,No,0b0,No,0b0,No,0b0,No,0b00,None,0b00,Not set,0b0,No,0b00000,
WBAN53119,36.31889,-119.62889,2019-07-08,h003v010,2678.0,1168.0,0.0904,0.1117,0.1484,0.1812,0.2547,0.3541,0.2891,322.0,0b00000000000000000000000101000010,0b0,No,0b1,Yes,0b0,No,0b0,No,0b0,No,0b0,No,0b01,Low,0b01,Low from OLI Band 9 reflectance,0b0,No,0b00000,
WBAN53119,36.31889,-119.62889,2019-07-15,h003v010,2678.0,1168.0,-9999.0,-9999.0,-9999.0,-9999.0,-9999.0,-9999.0,-9999.0,1.0,0b00000000000000000000000000000001,0b1,Yes,0b0,No,0b0,No,0b0,No,0b0,No,0b0,No,0b00,None,0b00,Not set,0b0,No,0b00000,
WBAN53119,36.31889,-119.62889,2019-07-17,h003v010,2678.0,1168.0,-9999.0,-9999.0,-9999.0,-9999.0,-9999.0,-9999.0,-9999.0,1.0,0b00000000000000000000000000000001,0b1,Yes,0b0,No,0b0,No,0b0,No,0b0,No,0b0,No,0b00,None,0b00,Not set,0b0,No,0b00000,
WBAN53119,36.31889,-119.62889,2019-07-24,h003v010,2678.0,1168.0,0.0963,0.1171,0.1636,0.1996,0.277,0.3716,0.2901,322.0,0b00000000000000000000000101000010,0b0,No,0b1,Yes,0b0,No,0b0,No,0b0,No,0b0,No,0b01,Low,0b01,Low from OLI Band 9 reflectance,0b0,No,0b00000,
WBAN53119,36.31889,-119.62889,2019-07-31,h003v010,2678.0,1168.0,-9999.0,-9999.0,-9999.0,-9999.0,-9999.0,-9999.0,-9999.0,1.0,0b00000000000000000000000000000001,0b1,Yes,0b0,No,0b0,No,0b0,No,0b0,No,0b0,No,0b00,None,0b00,Not set,0b0,No,0b00000,
WBAN53119,36.31889,-119.62889,2019-08-02,h003v010,2678.0,1168.0,-9999.0,-9999.0,-9999.0,-9999.0,-9999.0,-9999.0,-9999.0,1.0,0b00000000000000000000000000000001,0b1,Yes,0b0,No,0b0,No,0b0,No,0b0,No,0b0,No,0b00,None,0b00,Not set,0b0,No,0b00000,
WBAN53119,36.31889,-119.62889,2019-08-09,h003v010,2678.0,1168.0,0.0864,0.1106,0.1552,0.1958,0.2789,0.3562,0.279,322.0,0b00000000000000000000000101000010,0b0,No,0b1,Yes,0b0,No,0b0,No,0b0,No,0b0,No,0b01,Low,0b01,Low from OLI Band 9 reflectance,0b0,No,0b00000,
WBAN53119,36.31889,-119.62889,2019-08-16,h003v010,2678.0,1168.0,-9999.0,-9999.0,-9999.0,-9999.0,-9999.0,-9999.0,-9999.0,1.0,0b00000000000000000000000000000001,0b1,Yes,0b0,No,0b0,No,0b0,No,0b0,No,0b0,No,0b00,None,0b00,Not set,0b0,No,0b00000,
WBAN53119,36.31889,-119.62889,2019-08-18,h003v010,2678.0,1168.0,-9999.0,-9999.0,-9999.0,-9999.0,-9999.0,-9999.0,-9999.0,1.0,0b00000000000000000000000000000001,0b1,Yes,0b0,No,0b0,No,0b0,No,0b0,No,0b0,No,0b00,None,0b00,Not set,0b0,No,0b00000,
WBAN53119,36.31889,-119.62889,2019-08-25,h003v010,2678.0,1168.0,0.0927,0.1128,0.1603,0.2025,0.2813,0.3513,0.274,322.0,0b00000000000000000000000101000010,0b0,No,0b1,Yes,0b0,No,0b0,No,0b0,No,0b0,No,0b01,Low,0b01,Low from OLI Band 9 reflectance,0b0,No,0b00000,
WBAN53119,36.31889,-119.62889,2019-09-01,h003v010,2678.0,1168.0,-9999.0,-9999.0,-9999.0,-9999.0,-9999.0,-9999.0,-9999.0,1.0,0b00000000000000000000000000000001,0b1,Yes,0b0,No,0b0,No,0b0,No,0b0,No,0b0,No,0b00,None,0b00,Not set,0b0,No,0b00000,
WBAN53119,36.31889,-119.62889,2019-09-03,h003v010,2678.0,1168.0,-9999.0,-9999.0,-9999.0,-9999.0,-9999.0,-9999.0,-9999.0,1.0,0b00000000000000000000000000000001,0b1,Yes,0b0,No,0b0,No,0b0,No,0b0,No,0b0,No,0b00,None,0b00,Not set,0b0,No,0b00000,
WBAN53119,36.31889,-119.62889,2019-09-10,h003v010,2678.0,1168.0,0.0896,0.1126,0.1549,0.2009,0.29,0.3397,0.2752,322.0,0b00000000000000000000000101000010,0b0,No,0b1,Yes,0b0,No,0b0,No,0b0,No,0b0,No,0b01,Low,0b01,Low from OLI Band 9 reflectance,0b0,No,0b00000,
WBAN53119,36.31889,-119.62889,2019-09-17,h003v010,2678.0,1168.0,-9999.0,-9999.0,-9999.0,-9999.0,-9999.0,-9999.0,-9999.0,1.0,0b00000000000000000000000000000001,0b1,Yes,0b0,No,0b0,No,0b0,No,0b0,No,0b0,No,0b00,None,0b00,Not set,0b0,No,0b00000,
WBAN53119,36.31889,-119.62889,2019-09-19,h003v010,2678.0,1168.0,-9999.0,-9999.0,-9999.0,-9999.0,-9999.0,-9999.0,-9999.0,1.0,0b00000000000000000000000000000001,0b1,Yes,0b0,No,0b0,No,0b0,No,0b0,No,0b0,No,0b00,None,0b00,Not set,0b0,No,0b00000,
WBAN53119,36.31889,-119.62889,2019-09-26,h003v010,2678.0,1168.0,0.0861,0.1083,0.1441,0.1808,0.2585,0.1933,0.2622,322.0,0b00000000000000000000000101000010,0b0,No,0b1,Yes,0b0,No,0b0,No,0b0,No,0b0,No,0b01,Low,0b01,Low from OLI Band 9 reflectance,0b0,No,0b00000,
WBAN93144,36.31667,-119.4,2019-05-21,h003v010,2853.0,1825.0,0.1187,0.1497,0.2094,0.2694,0.4111,0.526,0.4057,328.0,0b00000000000000000000000101001000,0b0,No,0b0,No,0b0,No,0b1,Yes,0b0,No,0b0,No,0b01,Low,0b01,Low from OLI Band 9 reflectance,0b0,No,0b00000,
WBAN93144,36.31667,-119.4,2019-05-28,h003v010,2853.0,1825.0,-9999.0,-9999.0,-9999.0,-9999.0,-9999.0,-9999.0,-9999.0,1.0,0b00000000000000000000000000000001,0b1,Yes,0b0,No,0b0,No,0b0,No,0b0,No,0b0,No,0b00,None,0b00,Not set,0b0,No,0b00000,
WBAN93144,36.31667,-119.4,2019-05-30,h003v010,2853.0,1825.0,-9999.0,-9999.0,-9999.0,-9999.0,-9999.0,-9999.0,-9999.0,1.0,0b00000000000000000000000000000001,0b1,Yes,0b0,No,0b0,No,0b0,No,0b0,No,0b0,No,0b00,None,0b00,Not set,0b0,No,0b00000,
WBAN93144,36.31667,-119.4,2019-06-06,h003v010,2853.0,1825.0,0.1198,0.1346,0.1638,0.1997,0.3298,0.5134,0.4322,352.0,0b00000000000000000000000101100000,0b0,No,0b0,No,0b0,No,0b0,No,0b0,No,0b1,Yes,0b01,Low,0b01,Low from OLI Band 9 reflectance,0b0,No,0b00000,
WBAN93144,36.31667,-119.4,2019-06-13,h003v010,2853.0,1825.0,-9999.0,-9999.0,-9999.0,-9999.0,-9999.0,-9999.0,-9999.0,1.0,0b00000000000000000000000000000001,0b1,Yes,0b0,No,0b0,No,0b0,No,0b0,No,0b0,No,0b00,None,0b00,Not set,0b0,No,0b00000,
WBAN93144,36.31667,-119.4,2019-06-15,h003v010,2853.0,1825.0,-9999.0,-9999.0,-9999.0,-9999.0,-9999.0,-9999.0,-9999.0,1.0,0b00000000000000000000000000000001,0b1,Yes,0b0,No,0b0,No,0b0,No,0b0,No,0b0,No,0b00,None,0b00,Not set,0b0,No,0b00000,
WBAN93144,36.31667,-119.4,2019-06-22,h003v010,2853.0,1825.0,0.087,0.1031,0.1484,0.1872,0.2995,0.4165,0.3581,322.0,0b00000000000000000000000101000010,0b0,No,0b1,Yes,0b0,No,0b0,No,0b0,No,0b0,No,0b01,Low,0b01,Low from OLI Band 9 reflectance,0b0,No,0b00000,
WBAN93144,36.31667,-119.4,2019-06-29,h003v010,2853.0,1825.0,-9999.0,-9999.0,-9999.0,-9999.0,-9999.0,-9999.0,-9999.0,1.0,0b00000000000000000000000000000001,0b1,Yes,0b0,No,0b0,No,0b0,No,0b0,No,0b0,No,0b00,None,0b00,Not set,0b0,No,0b00000,
WBAN93144,36.31667,-119.4,2019-07-01,h003v010,2853.0,1825.0,-9999.0,-9999.0,-9999.0,-9999.0,-9999.0,-9999.0,-9999.0,1.0,0b00000000000000000000000000000001,0b1,Yes,0b0,No,0b0,No,0b0,No,0b0,No,0b0,No,0b00,None,0b00,Not set,0b0,No,0b00000,
WBAN93144,36.31667,-119.4,2019-07-08,h003v010,2853.0,1825.0,0.0933,0.1104,0.1455,0.1784,0.2759,0.4244,0.3787,322.0,0b00000000000000000000000101000010,0b0,No,0b1,Yes,0b0,No,0b0,No,0b0,No,0b0,No,0b01,Low,0b01,Low from OLI Band 9 reflectance,0b0,No,0b00000,
WBAN93144,36.31667,-119.4,2019-07-15,h003v010,2853.0,1825.0,-9999.0,-9999.0,-9999.0,-9999.0,-9999.0,-9999.0,-9999.0,1.0,0b00000000000000000000000000000001,0b1,Yes,0b0,No,0b0,No,0b0,No,0b0,No,0b0,No,0b00,None,0b00,Not set,0b0,No,0b00000,
WBAN93144,36.31667,-119.4,2019-07-17,h003v010,2853.0,1825.0,-9999.0,-9999.0,-9999.0,-9999.0,-9999.0,-9999.0,-9999.0,1.0,0b00000000000000000000000000000001,0b1,Yes,0b0,No,0b0,No,0b0,No,0b0,No,0b0,No,0b00,None,0b00,Not set,0b0,No,0b00000,
WBAN93144,36.31667,-119.4,2019-07-24,h003v010,2853.0,1825.0,0.0633,0.0725,0.1094,0.1277,0.2862,0.3288,0.2394,322.0,0b00000000000000000000000101000010,0b0,No,0b1,Yes,0b0,No,0b0,No,0b0,No,0b0,No,0b01,Low,0b01,Low from OLI Band 9 reflectance,0b0,No,0b00000,
WBAN93144,36.31667,-119.4,2019-07-31,h003v010,2853.0,1825.0,-9999.0,-9999.0,-9999.0,-9999.0,-9999.0,-9999.0,-9999.0,1.0,0b00000000000000000000000000000001,0b1,Yes,0b0,No,0b0,No,0b0,No,0b0,No,0b0,No,0b00,None,0b00,Not set,0b0,No,0b00000,
WBAN93144,36.31667,-119.4,2019-08-02,h003v010,2853.0,1825.0,-9999.0,-9999.0,-9999.0,-9999.0,-9999.0,-9999.0,-9999.0,1.0,0b00000000000000000000000000000001,0b1,Yes,0b0,No,0b0,No,0b0,No,0b0,No,0b0,No,0b00,None,0b00,Not set,0b0,No,0b00000,
WBAN93144,36.31667,-119.4,2019-08-09,h003v010,2853.0,1825.0,0.0384,0.0478,0.0776,0.0793,0.3401,0.2253,0.1459,322.0,0b00000000000000000000000101000010,0b0,No,0b1,Yes,0b0,No,0b0,No,0b0,No,0b0,No,0b01,Low,0b01,Low from OLI Band 9 reflectance,0b0,No,0b00000,
WBAN93144,36.31667,-119.4,2019-08-16,h003v010,2853.0,1825.0,-9999.0,-9999.0,-9999.0,-9999.0,-9999.0,-9999.0,-9999.0,1.0,0b00000000000000000000000000000001,0b1,Yes,0b0,No,0b0,No,0b0,No,0b0,No,0b0,No,0b00,None,0b00,Not set,0b0,No,0b00000,
WBAN93144,36.31667,-119.4,2019-08-18,h003v010,2853.0,1825.0,-9999.0,-9999.0,-9999.0,-9999.0,-9999.0,-9999.0,-9999.0,1.0,0b00000000000000000000000000000001,0b1,Yes,0b0,No,0b0,No,0b0,No,0b0,No,0b0,No,0b00,None,0b00,Not set,0b0,No,0b00000,
WBAN93144,36.31667,-119.4,2019-08-25,h003v010,2853.0,1825.0,0.0249,0.0367,0.0609,0.062,0.3088,0.1873,0.1178,322.0,0b00000000000000000000000101000010,0b0,No,0b1,Yes,0b0,No,0b0,No,0b0,No,0b0,No,0b01,Low,0b01,Low from OLI Band 9 reflectance,0b0,No,0b00000,
WBAN93144,36.31667,-119.4,2019-09-01,h003v010,2853.0,1825.0,-9999.0,-9999.0,-9999.0,-9999.0,-9999.0,-9999.0,-9999.0,1.0,0b00000000000000000000000000000001,0b1,Yes,0b0,No,0b0,No,0b0,No,0b0,No,0b0,No,0b00,None,0b00,Not set,0b0,No,0b00000,
WBAN93144,36.31667,-119.4,2019-09-03,h003v010,2853.0,1825.0,-9999.0,-9999.0,-9999.0,-9999.0,-9999.0,-9999.0,-9999.0,1.0,0b00000000000000000000000000000001,0b1,Yes,0b0,No,0b0,No,0b0,No,0b0,No,0b0,No,0b00,None,0b00,Not set,0b0,No,0b00000,
WBAN93144,36.31667,-119.4,2019-09-10,h003v010,2853.0,1825.0,0.0222,0.0305,0.052,0.0503,0.29,0.1558,0.0902,322.0,0b00000000000000000000000101000010,0b0,No,0b1,Yes,0b0,No,0b0,No,0b0,No,0b0,No,0b01,Low,0b01,Low from OLI Band 9 reflectance,0b0,No,0b00000,
WBAN93144,36.31667,-119.4,2019-09-17,h003v010,2853.0,1825.0,-9999.0,-9999.0,-9999.0,-9999.0,-9999.0,-9999.0,-9999.0,1.0,0b00000000000000000000000000000001,0b1,Yes,0b0,No,0b0,No,0b0,No,0b0,No,0b0,No,0b00,None,0b00,Not set,0b0,No,0b00000,
WBAN93144,36.31667,-119.4,2019-09-19,h003v010,2853.0,1825.0,-9999.0,-9999.0,-9999.0,-9999.0,-9999.0,-9999.0,-9999.0,1.0,0b00000000000000000000000000000001,0b1,Yes,0b0,No,0b0,No,0b0,No,0b0,No,0b0,No,0b00,None,0b00,Not set,0b0,No,0b00000,
WBAN93144,36.31667,-119.4,2019-09-26,h003v010,2853.0,1825.0,0.0243,0.0333,0.0523,0.0526,0.231,0.154,0.0981,328.0,0b00000000000000000000000101001000,0b0,No,0b0,No,0b0,No,0b1,Yes,0b0,No,0b0,No,0b01,Low,0b01,Low from OLI Band 9 reflectance,0b0,No,0b00000,
WBAN93193,36.78,-119.7194,2019-05-21,h003v010,944.0,1334.0,0.4562,0.4672,0.4697,0.4874,0.5459,0.4694,0.3928,480.0,0b00000000000000000000000111100000,0b0,No,0b0,No,0b0,No,0b0,No,0b0,No,0b1,Yes,0b11,High,0b01,Low from OLI Band 9 reflectance,0b0,No,0b00000,
WBAN93193,36.78,-119.7194,2019-05-28,h003v010,944.0,1334.0,0.6514,0.6559,0.6623,0.6804,0.7159,0.5708,0.4331,480.0,0b00000000000000000000000111100000,0b0,No,0b0,No,0b0,No,0b0,No,0b0,No,0b1,Yes,0b11,High,0b01,Low from OLI Band 9 reflectance,0b0,No,0b00000,
WBAN93193,36.78,-119.7194,2019-05-30,h003v010,944.0,1334.0,-9999.0,-9999.0,-9999.0,-9999.0,-9999.0,-9999.0,-9999.0,1.0,0b00000000000000000000000000000001,0b1,Yes,0b0,No,0b0,No,0b0,No,0b0,No,0b0,No,0b00,None,0b00,Not set,0b0,No,0b00000,
WBAN93193,36.78,-119.7194,2019-06-06,h003v010,944.0,1334.0,0.0818,0.0767,0.076,0.0733,0.0872,0.0812,0.0691,352.0,0b00000000000000000000000101100000,0b0,No,0b0,No,0b0,No,0b0,No,0b0,No,0b1,Yes,0b01,Low,0b01,Low from OLI Band 9 reflectance,0b0,No,0b00000,
WBAN93193,36.78,-119.7194,2019-06-13,h003v010,944.0,1334.0,0.0762,0.0831,0.1129,0.1326,0.1516,0.1837,0.1855,322.0,0b00000000000000000000000101000010,0b0,No,0b1,Yes,0b0,No,0b0,No,0b0,No,0b0,No,0b01,Low,0b01,Low from OLI Band 9 reflectance,0b0,No,0b00000,
WBAN93193,36.78,-119.7194,2019-06-15,h003v010,944.0,1334.0,-9999.0,-9999.0,-9999.0,-9999.0,-9999.0,-9999.0,-9999.0,1.0,0b00000000000000000000000000000001,0b1,Yes,0b0,No,0b0,No,0b0,No,0b0,No,0b0,No,0b00,None,0b00,Not set,0b0,No,0b00000,
WBAN93193,36.78,-119.7194,2019-06-22,h003v010,944.0,1334.0,0.0934,0.0989,0.1078,0.123,0.1479,0.1787,0.1644,322.0,0b00000000000000000000000101000010,0b0,No,0b1,Yes,0b0,No,0b0,No,0b0,No,0b0,No,0b01,Low,0b01,Low from OLI Band 9 reflectance,0b0,No,0b00000,
WBAN93193,36.78,-119.7194,2019-06-29,h003v010,944.0,1334.0,0.0671,0.079,0.0972,0.1214,0.1572,0.1699,0.1573,322.0,0b00000000000000000000000101000010,0b0,No,0b1,Yes,0b0,No,0b0,No,0b0,No,0b0,No,0b01,Low,0b01,Low from OLI Band 9 reflectance,0b0,No,0b00000,
WBAN93193,36.78,-119.7194,2019-07-01,h003v010,944.0,1334.0,-9999.0,-9999.0,-9999.0,-9999.0,-9999.0,-9999.0,-9999.0,1.0,0b00000000000000000000000000000001,0b1,Yes,0b0,No,0b0,No,0b0,No,0b0,No,0b0,No,0b00,None,0b00,Not set,0b0,No,0b00000,
WBAN93193,36.78,-119.7194,2019-07-08,h003v010,944.0,1334.0,0.0929,0.0974,0.1047,0.1151,0.1358,0.1893,0.1719,322.0,0b00000000000000000000000101000010,0b0,No,0b1,Yes,0b0,No,0b0,No,0b0,No,0b0,No,0b01,Low,0b01,Low from OLI Band 9 reflectance,0b0,No,0b00000,
WBAN93193,36.78,-119.7194,2019-07-15,h003v010,944.0,1334.0,0.0667,0.0721,0.1002,0.1152,0.1279,0.1974,0.1841,322.0,0b00000000000000000000000101000010,0b0,No,0b1,Yes,0b0,No,0b0,No,0b0,No,0b0,No,0b01,Low,0b01,Low from OLI Band 9 reflectance,0b0,No,0b00000,
WBAN93193,36.78,-119.7194,2019-07-17,h003v010,944.0,1334.0,-9999.0,-9999.0,-9999.0,-9999.0,-9999.0,-9999.0,-9999.0,1.0,0b00000000000000000000000000000001,0b1,Yes,0b0,No,0b0,No,0b0,No,0b0,No,0b0,No,0b00,None,0b00,Not set,0b0,No,0b00000,
WBAN93193,36.78,-119.7194,2019-07-24,h003v010,944.0,1334.0,0.0874,0.092,0.1231,0.1432,0.1776,0.1973,0.1718,322.0,0b00000000000000000000000101000010,0b0,No,0b1,Yes,0b0,No,0b0,No,0b0,No,0b0,No,0b01,Low,0b01,Low from OLI Band 9 reflectance,0b0,No,0b00000,
WBAN93193,36.78,-119.7194,2019-07-31,h003v010,944.0,1334.0,0.0635,0.0712,0.1019,0.1201,0.1419,0.2011,0.1864,322.0,0b00000000000000000000000101000010,0b0,No,0b1,Yes,0b0,No,0b0,No,0b0,No,0b0,No,0b01,Low,0b01,Low from OLI Band 9 reflectance,0b0,No,0b00000,
WBAN93193,36.78,-119.7194,2019-08-02,h003v010,944.0,1334.0,-9999.0,-9999.0,-9999.0,-9999.0,-9999.0,-9999.0,-9999.0,1.0,0b00000000000000000000000000000001,0b1,Yes,0b0,No,0b0,No,0b0,No,0b0,No,0b0,No,0b00,None,0b00,Not set,0b0,No,0b00000,
WBAN93193,36.78,-119.7194,2019-08-09,h003v010,944.0,1334.0,0.098,0.0976,0.1245,0.1435,0.1761,0.2013,0.1846,322.0,0b00000000000000000000000101000010,0b0,No,0b1,Yes,0b0,No,0b0,No,0b0,No,0b0,No,0b01,Low,0b01,Low from OLI Band 9 reflectance,0b0,No,0b00000,
WBAN93193,36.78,-119.7194,2019-08-16,h003v010,944.0,1334.0,0.068,0.0789,0.0974,0.1168,0.159,0.1792,0.1553,322.0,0b00000000000000000000000101000010,0b0,No,0b1,Yes,0b0,No,0b0,No,0b0,No,0b0,No,0b01,Low,0b01,Low from OLI Band 9 reflectance,0b0,No,0b00000,
WBAN93193,36.78,-119.7194,2019-08-18,h003v010,944.0,1334.0,-9999.0,-9999.0,-9999.0,-9999.0,-9999.0,-9999.0,-9999.0,1.0,0b00000000000000000000000000000001,0b1,Yes,0b0,No,0b0,No,0b0,No,0b0,No,0b0,No,0b00,None,0b00,Not set,0b0,No,0b00000,
WBAN93193,36.78,-119.7194,2019-08-25,h003v010,944.0,1334.0,0.097,0.1009,0.1188,0.1377,0.1688,0.1815,0.1598,322.0,0b00000000000000000000000101000010,0b0,No,0b1,Yes,0b0,No,0b0,No,0b0,No,0b0,No,0b01,Low,0b01,Low from OLI Band 9 reflectance,0b0,No,0b00000,
WBAN93193,36.78,-119.7194,2019-09-01,h003v010,944.0,1334.0,0.0659,0.0767,0.0995,0.117,0.1503,0.1992,0.1683,322.0,0b00000000000000000000000101000010,0b0,No,0b1,Yes,0b0,No,0b0,No,0b0,No,0b0,No,0b01,Low,0b01,Low from OLI Band 9 reflectance,0b0,No,0b00000,
WBAN93193,36.78,-119.7194,2019-09-03,h003v010,944.0,1334.0,-9999.0,-9999.0,-9999.0,-9999.0,-9999.0,-9999.0,-9999.0,1.0,0b00000000000000000000000000000001,0b1,Yes,0b0,No,0b0,No,0b0,No,0b0,No,0b0,No,0b00,None,0b00,Not set,0b0,No,0b00000,
WBAN93193,36.78,-119.7194,2019-09-10,h003v010,944.0,1334.0,0.1021,0.1003,0.1272,0.1404,0.1704,0.2166,0.1939,322.0,0b00000000000000000000000101000010,0b0,No,0b1,Yes,0b0,No,0b0,No,0b0,No,0b0,No,0b01,Low,0b01,Low from OLI Band 9 reflectance,0b0,No,0b00000,
WBAN93193,36.78,-119.7194,2019-09-17,h003v010,944.0,1334.0,0.0647,0.0717,0.1006,0.1134,0.1303,0.259,0.1811,322.0,0b00000000000000000000000101000010,0b0,No,0b1,Yes,0b0,No,0b0,No,0b0,No,0b0,No,0b01,Low,0b01,Low from OLI Band 9 reflectance,0b0,No,0b00000,
WBAN93193,36.78,-119.7194,2019-09-19,h003v010,944.0,1334.0,-9999.0,-9999.0,-9999.0,-9999.0,-9999.0,-9999.0,-9999.0,1.0,0b00000000000000000000000000000001,0b1,Yes,0b0,No,0b0,No,0b0,No,0b0,No,0b0,No,0b00,None,0b00,Not set,0b0,No,0b00000,
WBAN93193,36.78,-119.7194,2019-09-26,h003v010,944.0,1334.0,0.0948,0.1006,0.1131,0.1256,0.1504,0.2144,0.1666,322.0,0b00000000000000000000000101000010,0b0,No,0b1,Yes,0b0,No,0b0,No,0b0,No,0b0,No,0b01,Low,0b01,Low from OLI Band 9 reflectance,0b0,No,0b00000,
WBAN93242,36.98778,-120.11056,2019-05-21,h003v009,4905.0,412.0,0.7071,0.7336,0.735,0.7611,0.8363,0.5132,0.3911,480.0,0b00000000000000000000000111100000,0b0,No,0b0,No,0b0,No,0b0,No,0b0,No,0b1,Yes,0b11,High,0b01,Low from OLI Band 9 reflectance,0b0,No,0b00000,
WBAN93242,36.98778,-120.11056,2019-05-28,h003v009,4905.0,412.0,0.4307,0.4374,0.449,0.4641,0.5369,0.4918,0.4193,480.0,0b00000000000000000000000111100000,0b0,No,0b0,No,0b0,No,0b0,No,0b0,No,0b1,Yes,0b11,High,0b01,Low from OLI Band 9 reflectance,0b0,No,0b00000,
WBAN93242,36.98778,-120.11056,2019-05-30,h003v009,4905.0,412.0,-9999.0,-9999.0,-9999.0,-9999.0,-9999.0,-9999.0,-9999.0,1.0,0b00000000000000000000000000000001,0b1,Yes,0b0,No,0b0,No,0b0,No,0b0,No,0b0,No,0b00,None,0b00,Not set,0b0,No,0b00000,
WBAN93242,36.98778,-120.11056,2019-06-06,h003v009,4905.0,412.0,0.075,0.0867,0.1097,0.1386,0.2306,0.3552,0.2638,322.0,0b00000000000000000000000101000010,0b0,No,0b1,Yes,0b0,No,0b0,No,0b0,No,0b0,No,0b01,Low,0b01,Low from OLI Band 9 reflectance,0b0,No,0b00000,
WBAN93242,36.98778,-120.11056,2019-06-13,h003v009,4905.0,412.0,0.0622,0.077,0.1049,0.1331,0.2274,0.3417,0.2496,322.0,0b00000000000000000000000101000010,0b0,No,0b1,Yes,0b0,No,0b0,No,0b0,No,0b0,No,0b01,Low,0b01,Low from OLI Band 9 reflectance,0b0,No,0b00000,
WBAN93242,36.98778,-120.11056,2019-06-15,h003v009,4905.0,412.0,-9999.0,-9999.0,-9999.0,-9999.0,-9999.0,-9999.0,-9999.0,1.0,0b00000000000000000000000000000001,0b1,Yes,0b0,No,0b0,No,0b0,No,0b0,No,0b0,No,0b00,None,0b00,Not set,0b0,No,0b00000,
WBAN93242,36.98778,-120.11056,2019-06-22,h003v009,4905.0,412.0,0.0684,0.0842,0.1149,0.1424,0.2628,0.3679,0.2598,322.0,0b00000000000000000000000101000010,0b0,No,0b1,Yes,0b0,No,0b0,No,0b0,No,0b0,No,0b01,Low,0b01,Low from OLI Band 9 reflectance,0b0,No,0b00000,
WBAN93242,36.98778,-120.11056,2019-06-29,h003v009,4905.0,412.0,0.0607,0.0775,0.1079,0.1376,0.2538,0.3474,0.2417,322.0,0b00000000000000000000000101000010,0b0,No,0b1,Yes,0b0,No,0b0,No,0b0,No,0b0,No,0b01,Low,0b01,Low from OLI Band 9 reflectance,0b0,No,0b00000,
WBAN93242,36.98778,-120.11056,2019-07-01,h003v009,4905.0,412.0,-9999.0,-9999.0,-9999.0,-9999.0,-9999.0,-9999.0,-9999.0,1.0,0b00000000000000000000000000000001,0b1,Yes,0b0,No,0b0,No,0b0,No,0b0,No,0b0,No,0b00,None,0b00,Not set,0b0,No,0b00000,
WBAN93242,36.98778,-120.11056,2019-07-08,h003v009,4905.0,412.0,0.0686,0.0848,0.1184,0.151,0.2781,0.3747,0.2561,322.0,0b00000000000000000000000101000010,0b0,No,0b1,Yes,0b0,No,0b0,No,0b0,No,0b0,No,0b01,Low,0b01,Low from OLI Band 9 reflectance,0b0,No,0b00000,
WBAN93242,36.98778,-120.11056,2019-07-15,h003v009,4905.0,412.0,0.0596,0.077,0.112,0.1466,0.2594,0.3595,0.2456,322.0,0b00000000000000000000000101000010,0b0,No,0b1,Yes,0b0,No,0b0,No,0b0,No,0b0,No,0b01,Low,0b01,Low from OLI Band 9 reflectance,0b0,No,0b00000,
WBAN93242,36.98778,-120.11056,2019-07-17,h003v009,4905.0,412.0,-9999.0,-9999.0,-9999.0,-9999.0,-9999.0,-9999.0,-9999.0,1.0,0b00000000000000000000000000000001,0b1,Yes,0b0,No,0b0,No,0b0,No,0b0,No,0b0,No,0b00,None,0b00,Not set,0b0,No,0b00000,
WBAN93242,36.98778,-120.11056,2019-07-24,h003v009,4905.0,412.0,0.084,0.105,0.1446,0.1874,0.3111,0.4196,0.2717,322.0,0b00000000000000000000000101000010,0b0,No,0b1,Yes,0b0,No,0b0,No,0b0,No,0b0,No,0b01,Low,0b01,Low from OLI Band 9 reflectance,0b0,No,0b00000,
WBAN93242,36.98778,-120.11056,2019-07-31,h003v009,4905.0,412.0,0.0724,0.0965,0.1376,0.1898,0.3007,0.411,0.2792,322.0,0b00000000000000000000000101000010,0b0,No,0b1,Yes,0b0,No,0b0,No,0b0,No,0b0,No,0b01,Low,0b01,Low from OLI Band 9 reflectance,0b0,No,0b00000,
WBAN93242,36.98778,-120.11056,2019-08-02,h003v009,4905.0,412.0,-9999.0,-9999.0,-9999.0,-9999.0,-9999.0,-9999.0,-9999.0,1.0,0b00000000000000000000000000000001,0b1,Yes,0b0,No,0b0,No,0b0,No,0b0,No,0b0,No,0b00,None,0b00,Not set,0b0,No,0b00000,
WBAN93242,36.98778,-120.11056,2019-08-09,h003v009,4905.0,412.0,0.0825,0.1047,0.1481,0.2006,0.3142,0.4195,0.2776,322.0,0b00000000000000000000000101000010,0b0,No,0b1,Yes,0b0,No,0b0,No,0b0,No,0b0,No,0b01,Low,0b01,Low from OLI Band 9 reflectance,0b0,No,0b00000,
WBAN93242,36.98778,-120.11056,2019-08-16,h003v009,4905.0,412.0,0.0777,0.0972,0.1423,0.1952,0.3047,0.4182,0.2804,322.0,0b00000000000000000000000101000010,0b0,No,0b1,Yes,0b0,No,0b0,No,0b0,No,0b0,No,0b01,Low,0b01,Low from OLI Band 9 reflectance,0b0,No,0b00000,
WBAN93242,36.98778,-120.11056,2019-08-18,h003v009,4905.0,412.0,-9999.0,-9999.0,-9999.0,-9999.0,-9999.0,-9999.0,-9999.0,1.0,0b00000000000000000000000000000001,0b1,Yes,0b0,No,0b0,No,0b0,No,0b0,No,0b0,No,0b00,None,0b00,Not set,0b0,No,0b00000,
WBAN93242,36.98778,-120.11056,2019-08-25,h003v009,4905.0,412.0,0.0793,0.1001,0.1445,0.1957,0.3192,0.4169,0.2651,322.0,0b00000000000000000000000101000010,0b0,No,0b1,Yes,0b0,No,0b0,No,0b0,No,0b0,No,0b01,Low,0b01,Low from OLI Band 9 reflectance,0b0,No,0b00000,
WBAN93242,36.98778,-120.11056,2019-09-01,h003v009,4905.0,412.0,0.0537,0.0724,0.1095,0.1494,0.2349,0.3068,0.1917,322.0,0b00000000000000000000000101000010,0b0,No,0b1,Yes,0b0,No,0b0,No,0b0,No,0b0,No,0b01,Low,0b01,Low from OLI Band 9 reflectance,0b0,No,0b00000,
WBAN93242,36.98778,-120.11056,2019-09-03,h003v009,4905.0,412.0,-9999.0,-9999.0,-9999.0,-9999.0,-9999.0,-9999.0,-9999.0,1.0,0b00000000000000000000000000000001,0b1,Yes,0b0,No,0b0,No,0b0,No,0b0,No,0b0,No,0b00,None,0b00,Not set,0b0,No,0b00000,
WBAN93242,36.98778,-120.11056,2019-09-10,h003v009,4905.0,412.0,0.0801,0.0995,0.1414,0.1942,0.318,0.4083,0.2655,322.0,0b00000000000000000000000101000010,0b0,No,0b1,Yes,0b0,No,0b0,No,0b0,No,0b0,No,0b01,Low,0b01,Low from OLI Band 9 reflectance,0b0,No,0b00000,
WBAN93242,36.98778,-120.11056,2019-09-17,h003v009,4905.0,412.0,0.0659,0.0861,0.1275,0.1794,0.2976,-0.0584,0.2619,322.0,0b00000000000000000000000101000010,0b0,No,0b1,Yes,0b0,No,0b0,No,0b0,No,0b0,No,0b01,Low,0b01,Low from OLI Band 9 reflectance,0b0,No,0b00000,
WBAN93242,36.98778,-120.11056,2019-09-19,h003v009,4905.0,412.0,-9999.0,-9999.0,-9999.0,-9999.0,-9999.0,-9999.0,-9999.0,1.0,0b00000000000000000000000000000001,0b1,Yes,0b0,No,0b0,No,0b0,No,0b0,No,0b0,No,0b00,None,0b00,Not set,0b0,No,0b00000,
WBAN93242,36.98778,-120.11056,2019-09-26,h003v009,4905.0,412.0,0.0737,0.0938,0.1358,0.1874,0.3077,-0.0849,0.2468,322.0,0b00000000000000000000000101000010,0b0,No,0b1,Yes,0b0,No,0b0,No,0b0,No,0b0,No,0b01,Low,0b01,Low from OLI Band 9 reflectance,0b0,No,0b00000,
WBAN93243,37.2381,-120.8825,2019-05-19,h002v009,3424.0,3460.0,-9999.0,-9999.0,-9999.0,-9999.0,-9999.0,-9999.0,-9999.0,1.0,0b00000000000000000000000000000001,0b1,Yes,0b0,No,0b0,No,0b0,No,0b0,No,0b0,No,0b00,None,0b00,Not set,0b0,No,0b00000,
WBAN93243,37.2381,-120.8825,2019-05-21,h002v009,3424.0,3460.0,-9999.0,-9999.0,-9999.0,-9999.0,-9999.0,-9999.0,-9999.0,1.0,0b00000000000000000000000000000001,0b1,Yes,0b0,No,0b0,No,0b0,No,0b0,No,0b0,No,0b00,None,0b00,Not set,0b0,No,0b00000,
WBAN93243,37.2381,-120.8825,2019-05-28,h002v009,3424.0,3460.0,0.0468,0.0589,0.0834,0.1046,0.2039,0.2474,0.1646,322.0,0b00000000000000000000000101000010,0b0,No,0b1,Yes,0b0,No,0b0,No,0b0,No,0b0,No,0b01,Low,0b01,Low from OLI Band 9 reflectance,0b0,No,0b00000,
WBAN93243,37.2381,-120.8825,2019-06-04,h002v009,3424.0,3460.0,-9999.0,-9999.0,-9999.0,-9999.0,-9999.0,-9999.0,-9999.0,1.0,0b00000000000000000000000000000001,0b1,Yes,0b0,No,0b0,No,0b0,No,0b0,No,0b0,No,0b00,None,0b00,Not set,0b0,No,0b00000,
WBAN93243,37.2381,-120.8825,2019-06-06,h002v009,3424.0,3460.0,-9999.0,-9999.0,-9999.0,-9999.0,-9999.0,-9999.0,-9999.0,1.0,0b00000000000000000000000000000001,0b1,Yes,0b0,No,0b0,No,0b0,No,0b0,No,0b0,No,0b00,None,0b00,Not set,0b0,No,0b00000,
WBAN93243,37.2381,-120.8825,2019-06-13,h002v009,3424.0,3460.0,0.0482,0.0618,0.0927,0.1158,0.2175,0.2784,0.1783,322.0,0b00000000000000000000000101000010,0b0,No,0b1,Yes,0b0,No,0b0,No,0b0,No,0b0,No,0b01,Low,0b01,Low from OLI Band 9 reflectance,0b0,No,0b00000,
WBAN93243,37.2381,-120.8825,2019-06-20,h002v009,3424.0,3460.0,-9999.0,-9999.0,-9999.0,-9999.0,-9999.0,-9999.0,-9999.0,1.0,0b00000000000000000000000000000001,0b1,Yes,0b0,No,0b0,No,0b0,No,0b0,No,0b0,No,0b00,None,0b00,Not set,0b0,No,0b00000,
WBAN93243,37.2381,-120.8825,2019-06-22,h002v009,3424.0,3460.0,-9999.0,-9999.0,-9999.0,-9999.0,-9999.0,-9999.0,-9999.0,1.0,0b00000000000000000000000000000001,0b1,Yes,0b0,No,0b0,No,0b0,No,0b0,No,0b0,No,0b00,None,0b00,Not set,0b0,No,0b00000,
WBAN93243,37.2381,-120.8825,2019-06-29,h002v009,3424.0,3460.0,0.0476,0.0622,0.094,0.1229,0.2235,0.296,0.1853,322.0,0b00000000000000000000000101000010,0b0,No,0b1,Yes,0b0,No,0b0,No,0b0,No,0b0,No,0b01,Low,0b01,Low from OLI Band 9 reflectance,0b0,No,0b00000,
WBAN93243,37.2381,-120.8825,2019-07-06,h002v009,3424.0,3460.0,-9999.0,-9999.0,-9999.0,-9999.0,-9999.0,-9999.0,-9999.0,1.0,0b00000000000000000000000000000001,0b1,Yes,0b0,No,0b0,No,0b0,No,0b0,No,0b0,No,0b00,None,0b00,Not set,0b0,No,0b00000,
WBAN93243,37.2381,-120.8825,2019-07-08,h002v009,3424.0,3460.0,-9999.0,-9999.0,-9999.0,-9999.0,-9999.0,-9999.0,-9999.0,1.0,0b00000000000000000000000000000001,0b1,Yes,0b0,No,0b0,No,0b0,No,0b0,No,0b0,No,0b00,None,0b00,Not set,0b0,No,0b00000,
WBAN93243,37.2381,-120.8825,2019-07-15,h002v009,3424.0,3460.0,0.0478,0.0647,0.0957,0.1271,0.2302,0.2998,0.1816,322.0,0b00000000000000000000000101000010,0b0,No,0b1,Yes,0b0,No,0b0,No,0b0,No,0b0,No,0b01,Low,0b01,Low from OLI Band 9 reflectance,0b0,No,0b00000,
WBAN93243,37.2381,-120.8825,2019-07-22,h002v009,3424.0,3460.0,-9999.0,-9999.0,-9999.0,-9999.0,-9999.0,-9999.0,-9999.0,1.0,0b00000000000000000000000000000001,0b1,Yes,0b0,No,0b0,No,0b0,No,0b0,No,0b0,No,0b00,None,0b00,Not set,0b0,No,0b00000,
WBAN93243,37.2381,-120.8825,2019-07-24,h002v009,3424.0,3460.0,-9999.0,-9999.0,-9999.0,-9999.0,-9999.0,-9999.0,-9999.0,1.0,0b00000000000000000000000000000001,0b1,Yes,0b0,No,0b0,No,0b0,No,0b0,No,0b0,No,0b00,None,0b00,Not set,0b0,No,0b00000,
WBAN93243,37.2381,-120.8825,2019-07-31,h002v009,3424.0,3460.0,0.0517,0.067,0.0977,0.1344,0.2441,0.3079,0.1852,322.0,0b00000000000000000000000101000010,0b0,No,0b1,Yes,0b0,No,0b0,No,0b0,No,0b0,No,0b01,Low,0b01,Low from OLI Band 9 reflectance,0b0,No,0b00000,
WBAN93243,37.2381,-120.8825,2019-08-07,h002v009,3424.0,3460.0,-9999.0,-9999.0,-9999.0,-9999.0,-9999.0,-9999.0,-9999.0,1.0,0b00000000000000000000000000000001,0b1,Yes,0b0,No,0b0,No,0b0,No,0b0,No,0b0,No,0b00,None,0b00,Not set,0b0,No,0b00000,
WBAN93243,37.2381,-120.8825,2019-08-09,h002v009,3424.0,3460.0,-9999.0,-9999.0,-9999.0,-9999.0,-9999.0,-9999.0,-9999.0,1.0,0b00000000000000000000000000000001,0b1,Yes,0b0,No,0b0,No,0b0,No,0b0,No,0b0,No,0b00,None,0b00,Not set,0b0,No,0b00000,
WBAN93243,37.2381,-120.8825,2019-08-16,h002v009,3424.0,3460.0,0.0511,0.0672,0.1025,0.1411,0.248,0.3157,0.1841,322.0,0b00000000000000000000000101000010,0b0,No,0b1,Yes,0b0,No,0b0,No,0b0,No,0b0,No,0b01,Low,0b01,Low from OLI Band 9 reflectance,0b0,No,0b00000,
WBAN93243,37.2381,-120.8825,2019-08-23,h002v009,3424.0,3460.0,-9999.0,-9999.0,-9999.0,-9999.0,-9999.0,-9999.0,-9999.0,1.0,0b00000000000000000000000000000001,0b1,Yes,0b0,No,0b0,No,0b0,No,0b0,No,0b0,No,0b00,None,0b00,Not set,0b0,No,0b00000,
WBAN93243,37.2381,-120.8825,2019-08-25,h002v009,3424.0,3460.0,-9999.0,-9999.0,-9999.0,-9999.0,-9999.0,-9999.0,-9999.0,1.0,0b00000000000000000000000000000001,0b1,Yes,0b0,No,0b0,No,0b0,No,0b0,No,0b0,No,0b00,None,0b00,Not set,0b0,No,0b00000,
WBAN93243,37.2381,-120.8825,2019-09-01,h002v009,3424.0,3460.0,0.0512,0.0663,0.0989,0.1398,0.2585,0.3137,0.1805,322.0,0b00000000000000000000000101000010,0b0,No,0b1,Yes,0b0,No,0b0,No,0b0,No,0b0,No,0b01,Low,0b01,Low from OLI Band 9 reflectance,0b0,No,0b00000,
WBAN93243,37.2381,-120.8825,2019-09-08,h002v009,3424.0,3460.0,-9999.0,-9999.0,-9999.0,-9999.0,-9999.0,-9999.0,-9999.0,1.0,0b00000000000000000000000000000001,0b1,Yes,0b0,No,0b0,No,0b0,No,0b0,No,0b0,No,0b00,None,0b00,Not set,0b0,No,0b00000,
WBAN93243,37.2381,-120.8825,2019-09-10,h002v009,3424.0,3460.0,-9999.0,-9999.0,-9999.0,-9999.0,-9999.0,-9999.0,-9999.0,1.0,0b00000000000000000000000000000001,0b1,Yes,0b0,No,0b0,No,0b0,No,0b0,No,0b0,No,0b00,None,0b00,Not set,0b0,No,0b00000,
WBAN93243,37.2381,-120.8825,2019-09-17,h002v009,3424.0,3460.0,0.0489,0.0632,0.0974,0.1417,0.2622,0.3094,0.1739,322.0,0b00000000000000000000000101000010,0b0,No,0b1,Yes,0b0,No,0b0,No,0b0,No,0b0,No,0b01,Low,0b01,Low from OLI Band 9 reflectance,0b0,No,0b00000,
WBAN93243,37.2381,-120.8825,2019-09-24,h002v009,3424.0,3460.0,-9999.0,-9999.0,-9999.0,-9999.0,-9999.0,-9999.0,-9999.0,1.0,0b00000000000000000000000000000001,0b1,Yes,0b0,No,0b0,No,0b0,No,0b0,No,0b0,No,0b00,None,0b00,Not set,0b0,No,0b00000,
WBAN93243,37.2381,-120.8825,2019-09-26,h002v009,3424.0,3460.0,-9999.0,-9999.0,-9999.0,-9999.0,-9999.0,-9999.0,-9999.0,1.0,0b00000000000000000000000000000001,0b1,Yes,0b0,No,0b0,No,0b0,No,0b0,No,0b0,No,0b00,None,0b00,Not set,0b0,No,0b00000,
